Date,Exercise,Category,Weight (lbs),Reps,Distance,Distance Unit,Time
2015-01-02,Barbell Squat,Legs,0.0,5,,,
2015-01-02,Barbell Squat,Legs,50.0,5,,,
2015-01-02,Barbell Squat,Legs,90.0,5,,,
2015-01-02,Barbell Squat,Legs,110.0,5,,,
2015-01-02,Dumbbell Lunge,Legs,0.0,5,,,
2015-01-02,Dumbbell Lunge,Legs,20.0,5,,,
2015-01-02,Dumbbell Lunge,Legs,30.0,5,,,
2015-01-02,Dumbbell Lunge,Legs,35.0,4,,,
2015-01-02,Rope Push Down,Triceps,30.0,5,,,
2015-01-02,Rope Push Down,Triceps,45.0,5,,,
2015-01-02,Rope Push Down,Triceps,57.5,5,,,
2015-01-02,Rope Push Down,Triceps,65.0,5,,,
2015-01-02,Rope Push Down,Triceps,65.0,4,,,
2015-01-02,EZ-Bar Skullcrusher,Triceps,35.0,5,,,
2015-01-02,EZ-Bar Skullcrusher,Triceps,55.0,5,,,
2015-01-02,EZ-Bar Skullcrusher,Triceps,65.0,5,,,
2015-01-02,EZ-Bar Skullcrusher,Triceps,65.0,5,,,
2015-01-02,EZ-Bar Skullcrusher,Triceps,65.0,5,,,
2015-01-02,Parallel Bar Triceps Dip,Triceps,0.0,5,,,
2015-01-02,Parallel Bar Triceps Dip,Triceps,0.0,7,,,
2015-01-02,Parallel Bar Triceps Dip,Triceps,0.0,7,,,
2015-01-02,Parallel Bar Triceps Dip,Triceps,0.0,7,,,
2015-01-02,Parallel Bar Triceps Dip,Triceps,0.0,7,,,
2015-01-04,Seated Dumbbell Press,Shoulders,17.5,5,,,
2015-01-04,Seated Dumbbell Press,Shoulders,22.5,5,,,
2015-01-04,Seated Dumbbell Press,Shoulders,30.0,5,,,
2015-01-04,Seated Dumbbell Press,Shoulders,35.0,5,,,
2015-01-04,Seated Dumbbell Press,Shoulders,40.0,5,,,
2015-01-04,Seated Dumbbell Press,Shoulders,40.0,8,,,
2015-01-04,Dumbbell Shrug,Shoulders,65.0,8,,,
2015-01-04,Dumbbell Shrug,Shoulders,70.0,8,,,
2015-01-04,Dumbbell Shrug,Shoulders,75.0,8,,,
2015-01-04,Dumbbell Shrug,Shoulders,75.0,8,,,
2015-01-04,Dumbbell Shrug,Shoulders,80.0,8,,,
2015-01-04,Hanging Leg Raise,Abs,0.0,12,,,
2015-01-04,Hanging Leg Raise,Abs,0.0,11,,,
2015-01-04,Hanging Leg Raise,Abs,0.0,9,,,
2015-01-04,Decline Crunch,Abs,0.0,15,,,
2015-01-04,Decline Crunch,Abs,0.0,15,,,
2015-01-04,Decline Crunch,Abs,0.0,10,,,
2015-01-04,Crunch,Abs,0.0,15,,,
2015-01-04,Crunch,Abs,0.0,15,,,
2015-01-04,Crunch,Abs,0.0,15,,,
2015-01-04,Barbell Twist,Abs,0.0,15,,,
2015-01-04,Barbell Twist,Abs,0.0,15,,,
2015-01-04,Barbell Twist,Abs,0.0,15,,,
2015-01-04,Seated Dumbbell Press,Shoulders,45.0,8,,,
2015-01-05,Deadlift,Back,90.0,5,,,
2015-01-05,Deadlift,Back,140.0,5,,,
2015-01-05,Deadlift,Back,170.0,5,,,
2015-01-05,Deadlift,Back,175.0,3,,,
2015-01-05,Deadlift,Back,160.0,5,,,
2015-01-05,Deadlift,Back,140.0,3,,,
2015-01-05,Barbell Row,Back,0.0,5,,,
2015-01-05,Barbell Row,Back,50.0,7,,,
2015-01-05,Barbell Row,Back,70.0,6,,,
2015-01-05,Barbell Row,Back,90.0,6,,,
2015-01-05,Barbell Row,Back,90.0,6,,,
2015-01-05,Barbell Row,Back,50.0,10,,,
2015-01-05,Pull Up,Back,0.0,6,,,
2015-01-05,Pull Up,Back,0.0,6,,,
2015-01-05,Pull Up,Back,0.0,6,,,
2015-01-07,Flat Dumbbell Bench Press,Chest,45.0,5,,,
2015-01-07,Flat Dumbbell Bench Press,Chest,55.0,5,,,
2015-01-07,Flat Dumbbell Bench Press,Chest,60.0,5,,,
2015-01-07,Flat Dumbbell Bench Press,Chest,60.0,6,,,
2015-01-07,Flat Dumbbell Bench Press,Chest,35.0,5,,,
2015-01-07,Flat Dumbbell Bench Press,Chest,60.0,6,,,
2015-01-07,Incline Dumbbell Bench Press,Chest,35.0,5,,,
2015-01-07,Incline Dumbbell Bench Press,Chest,45.0,5,,,
2015-01-07,Incline Dumbbell Bench Press,Chest,55.0,5,,,
2015-01-07,Incline Dumbbell Bench Press,Chest,55.0,5,,,
2015-01-07,Incline Dumbbell Bench Press,Chest,0.0,5,,,
2015-01-07,Barbell Curl,Biceps,45.0,5,,,
2015-01-07,Barbell Curl,Biceps,55.0,5,,,
2015-01-07,Barbell Curl,Biceps,65.0,5,,,
2015-01-07,Barbell Curl,Biceps,65.0,3,,,
2015-01-07,Barbell Curl,Biceps,0.0,5,,,
2015-01-07,Dumbbell Hammer Curl,Biceps,50.0,5,,,
2015-01-07,Dumbbell Hammer Curl,Biceps,55.0,5,,,
2015-01-07,Dumbbell Hammer Curl,Biceps,60.0,5,,,
2015-01-07,Dumbbell Hammer Curl,Biceps,65.0,5,,,
2015-01-07,Dumbbell Hammer Curl,Biceps,60.0,5,,,
2015-01-09,Barbell Squat,Legs,0.0,5,,,
2015-01-09,Barbell Squat,Legs,50.0,5,,,
2015-01-09,Barbell Squat,Legs,90.0,5,,,
2015-01-09,Barbell Squat,Legs,95.0,5,,,
2015-01-09,Barbell Squat,Legs,110.0,4,,,
2015-01-09,Barbell Squat,Legs,110.0,4,,,
2015-01-09,Barbell Squat,Legs,120.0,2,,,
2015-01-09,Dumbbell Lunge,Legs,60.0,5,,,
2015-01-09,Dumbbell Lunge,Legs,70.0,5,,,
2015-01-09,Dumbbell Lunge,Legs,80.0,5,,,
2015-01-09,Dumbbell Lunge,Legs,100.0,2,,,
2015-01-09,Dumbbell Lunge,Legs,80.0,5,,,
2015-01-09,EZ-Bar Skullcrusher,Triceps,25.0,5,,,
2015-01-09,EZ-Bar Skullcrusher,Triceps,45.0,5,,,
2015-01-09,EZ-Bar Skullcrusher,Triceps,65.0,5,,,
2015-01-09,EZ-Bar Skullcrusher,Triceps,65.0,5,,,
2015-01-09,EZ-Bar Skullcrusher,Triceps,0.0,5,,,
2015-01-09,Rope Push Down,Triceps,35.0,5,,,
2015-01-09,Rope Push Down,Triceps,50.0,5,,,
2015-01-09,Rope Push Down,Triceps,0.0,5,,,
2015-01-09,Rope Push Down,Triceps,0.0,5,,,
2015-01-09,Rope Push Down,Triceps,0.0,5,,,
2015-01-11,Hanging Leg Raise,Abs,0.0,15,,,
2015-01-11,Hanging Leg Raise,Abs,0.0,15,,,
2015-01-11,Hanging Leg Raise,Abs,0.0,15,,,
2015-01-11,Barbell Twist,Abs,50.0,15,,,
2015-01-11,Barbell Twist,Abs,60.0,15,,,
2015-01-11,Barbell Twist,Abs,70.0,15,,,
2015-01-11,Crunch,Abs,0.0,15,,,
2015-01-11,Crunch,Abs,0.0,15,,,
2015-01-11,Crunch,Abs,0.0,15,,,
2015-01-15,Flat Dumbbell Bench Press,Chest,80.0,5,,,
2015-01-15,Flat Dumbbell Bench Press,Chest,100.0,5,,,
2015-01-15,Flat Dumbbell Bench Press,Chest,110.0,6,,,
2015-01-15,Flat Dumbbell Bench Press,Chest,120.0,5,,,
2015-01-15,Flat Dumbbell Bench Press,Chest,130.0,5,,,
2015-01-15,Incline Dumbbell Bench Press,Chest,50.0,5,,,
2015-01-15,Incline Dumbbell Bench Press,Chest,90.0,5,,,
2015-01-15,Incline Dumbbell Bench Press,Chest,100.0,5,,,
2015-01-15,Incline Dumbbell Bench Press,Chest,110.0,5,,,
2015-01-15,Incline Dumbbell Bench Press,Chest,110.0,3,,,
2015-01-15,Barbell Curl,Biceps,45.0,5,,,
2015-01-15,Barbell Curl,Biceps,55.0,5,,,
2015-01-15,Barbell Curl,Biceps,65.0,5,,,
2015-01-15,Barbell Curl,Biceps,65.0,4,,,
2015-01-15,Barbell Curl,Biceps,0.0,5,,,
2015-01-15,Dumbbell Hammer Curl,Biceps,60.0,5,,,
2015-01-15,Dumbbell Hammer Curl,Biceps,60.0,5,,,
2015-01-15,Dumbbell Hammer Curl,Biceps,60.0,5,,,
2015-01-15,Dumbbell Hammer Curl,Biceps,60.0,5,,,
2015-01-16,Barbell Squat,Legs,0.0,5,,,
2015-01-16,Barbell Squat,Legs,50.0,5,,,
2015-01-16,Barbell Squat,Legs,100.0,5,,,
2015-01-16,Barbell Squat,Legs,110.0,5,,,
2015-01-16,Barbell Squat,Legs,120.0,2,,,
2015-01-16,Barbell Squat,Legs,110.0,3,,,
2015-01-16,Dumbbell Lunge,Legs,60.0,5,,,
2015-01-16,Dumbbell Lunge,Legs,70.0,5,,,
2015-01-16,Dumbbell Lunge,Legs,80.0,5,,,
2015-01-16,Dumbbell Lunge,Legs,100.0,5,,,
2015-01-16,Rope Push Down,Triceps,30.0,5,,,
2015-01-16,Rope Push Down,Triceps,50.0,5,,,
2015-01-16,Rope Push Down,Triceps,57.5,5,,,
2015-01-16,Rope Push Down,Triceps,57.5,6,,,
2015-01-16,Rope Push Down,Triceps,65.0,5,,,
2015-01-16,EZ-Bar Skullcrusher,Triceps,35.0,5,,,
2015-01-16,EZ-Bar Skullcrusher,Triceps,45.0,5,,,
2015-01-16,EZ-Bar Skullcrusher,Triceps,55.0,5,,,
2015-01-16,EZ-Bar Skullcrusher,Triceps,65.0,5,,,
2015-01-16,EZ-Bar Skullcrusher,Triceps,0.0,5,,,
2015-01-16,Parallel Bar Triceps Dip,Triceps,0.0,8,,,
2015-01-16,Parallel Bar Triceps Dip,Triceps,0.0,8,,,
2015-01-16,Parallel Bar Triceps Dip,Triceps,0.0,8,,,
2015-01-16,Parallel Bar Triceps Dip,Triceps,0.0,8,,,
2015-01-16,Parallel Bar Triceps Dip,Triceps,0.0,8,,,
2015-01-18,Hanging Leg Raise,Abs,0.0,15,,,
2015-01-18,Hanging Leg Raise,Abs,0.0,15,,,
2015-01-18,Hanging Leg Raise,Abs,0.0,15,,,
2015-01-18,Decline Crunch,Abs,0.0,15,,,
2015-01-18,Decline Crunch,Abs,0.0,15,,,
2015-01-18,Decline Crunch,Abs,0.0,15,,,
2015-01-18,Crunch,Abs,0.0,15,,,
2015-01-18,Crunch,Abs,0.0,15,,,
2015-01-18,Crunch,Abs,0.0,15,,,
2015-01-18,Barbell Twist,Abs,60.0,15,,,
2015-01-18,Barbell Twist,Abs,70.0,15,,,
2015-01-18,Barbell Twist,Abs,80.0,11,,,
2015-01-18,Barbell Twist,Abs,80.0,15,,,
2015-01-18,Overhead Press,Shoulders,0.0,5,,,
2015-01-18,Overhead Press,Shoulders,20.0,5,,,
2015-01-18,Extended Arm Raise + 90 Degree Arm Raise,Shoulders,10.0,15,,,
2015-01-18,Extended Arm Raise + 90 Degree Arm Raise,Shoulders,10.0,15,,,
2015-01-18,Extended Arm Raise + 90 Degree Arm Raise,Shoulders,10.0,15,,,
2015-01-18,Dumbbell Shrug,Shoulders,50.0,8,,,
2015-01-18,Dumbbell Shrug,Shoulders,60.0,8,,,
2015-01-18,Dumbbell Shrug,Shoulders,0.0,8,,,
2015-01-18,Dumbbell Shrug,Shoulders,0.0,8,,,
2015-01-18,Dumbbell Shrug,Shoulders,0.0,8,,,
2015-01-19,Deadlift,Back,90.0,5,,,
2015-01-19,Deadlift,Back,140.0,5,,,
2015-01-19,Deadlift,Back,190.0,3,,,
2015-01-19,Deadlift,Back,180.0,4,,,
2015-01-19,Deadlift,Back,180.0,5,,,
2015-01-19,Deadlift,Back,180.0,5,,,
2015-01-19,Deadlift,Back,140.0,5,,,
2015-01-19,Barbell Row,Back,0.0,5,,,
2015-01-19,Barbell Row,Back,50.0,5,,,
2015-01-19,Barbell Row,Back,70.0,5,,,
2015-01-19,Barbell Row,Back,90.0,7,,,
2015-01-19,Barbell Row,Back,100.0,5,,,
2015-01-19,Barbell Row,Back,100.0,5,,,
2015-01-19,Barbell Row,Back,100.0,5,,,
2015-01-19,Pull Up,Back,0.0,7,,,
2015-01-19,Pull Up,Back,0.0,6,,,
2015-01-19,Pull Up,Back,0.0,5,,,
2015-01-21,Flat Barbell Bench Press,Chest,0.0,5,,,
2015-01-21,Flat Barbell Bench Press,Chest,50.0,5,,,
2015-01-21,Flat Barbell Bench Press,Chest,70.0,5,,,
2015-01-21,Flat Barbell Bench Press,Chest,90.0,5,,,
2015-01-21,Flat Barbell Bench Press,Chest,90.0,3,,,
2015-01-21,Flat Barbell Bench Press,Chest,70.0,5,,,
2015-01-21,Flat Barbell Bench Press,Chest,70.0,5,,,
2015-01-21,Incline Dumbbell Bench Press,Chest,50.0,5,,,
2015-01-21,Incline Dumbbell Bench Press,Chest,60.0,5,,,
2015-01-21,Incline Dumbbell Bench Press,Chest,60.0,5,,,
2015-01-21,Incline Dumbbell Bench Press,Chest,70.0,5,,,
2015-01-21,Incline Dumbbell Bench Press,Chest,80.0,5,,,
2015-01-21,Incline Dumbbell Bench Press,Chest,90.0,7,,,
2015-01-21,Incline Dumbbell Bench Press,Chest,100.0,7,,,
2015-01-21,Barbell Curl,Biceps,45.0,6,,,
2015-01-21,Barbell Curl,Biceps,55.0,5,,,
2015-01-21,Barbell Curl,Biceps,65.0,5,,,
2015-01-21,Barbell Curl,Biceps,65.0,5,,,
2015-01-21,Barbell Curl,Biceps,0.0,5,,,
2015-01-21,Dumbbell Hammer Curl,Biceps,50.0,5,,,
2015-01-21,Dumbbell Hammer Curl,Biceps,60.0,5,,,
2015-01-21,Dumbbell Hammer Curl,Biceps,65.0,5,,,
2015-01-21,Dumbbell Hammer Curl,Biceps,65.0,5,,,
2015-01-23,Barbell Squat,Legs,0.0,5,,,
2015-01-23,Barbell Squat,Legs,50.0,5,,,
2015-01-23,Barbell Squat,Legs,90.0,5,,,
2015-01-23,Barbell Squat,Legs,110.0,5,,,
2015-01-23,Barbell Squat,Legs,120.0,2,,,
2015-01-23,Barbell Squat,Legs,120.0,3,,,
2015-01-23,Barbell Squat,Legs,125.0,1,,,
2015-01-23,Barbell Squat,Legs,90.0,5,,,
2015-01-23,Dumbbell Lunge,Legs,70.0,5,,,
2015-01-23,Dumbbell Lunge,Legs,80.0,4,,,
2015-01-23,Dumbbell Lunge,Legs,80.0,5,,,
2015-01-23,Dumbbell Lunge,Legs,100.0,3,,,
2015-01-23,Rope Push Down,Triceps,30.0,5,,,
2015-01-23,Rope Push Down,Triceps,50.0,5,,,
2015-01-23,Rope Push Down,Triceps,57.5,5,,,
2015-01-23,Rope Push Down,Triceps,57.5,5,,,
2015-01-23,Rope Push Down,Triceps,65.0,4,,,
2015-01-23,EZ-Bar Skullcrusher,Triceps,35.0,5,,,
2015-01-23,EZ-Bar Skullcrusher,Triceps,55.0,5,,,
2015-01-23,EZ-Bar Skullcrusher,Triceps,55.0,5,,,
2015-01-23,EZ-Bar Skullcrusher,Triceps,65.0,5,,,
2015-01-23,EZ-Bar Skullcrusher,Triceps,0.0,5,,,
2015-01-26,Deadlift,Back,90.0,5,,,
2015-01-26,Deadlift,Back,140.0,5,,,
2015-01-26,Deadlift,Back,190.0,5,,,
2015-01-26,Deadlift,Back,200.0,3,,,
2015-01-26,Deadlift,Back,200.0,2,,,
2015-01-26,Deadlift,Back,140.0,5,,,
2015-01-26,Barbell Row,Back,0.0,9,,,
2015-01-26,Barbell Row,Back,50.0,7,,,
2015-01-26,Barbell Row,Back,90.0,6,,,
2015-01-26,Barbell Row,Back,110.0,5,,,
2015-01-26,Barbell Row,Back,100.0,5,,,
2015-01-26,Barbell Row,Back,90.0,9,,,
2015-01-26,Pull Up,Back,0.0,6,,,
2015-01-26,Pull Up,Back,0.0,6,,,
2015-01-26,Pull Up,Back,0.0,6,,,
2015-01-28,Flat Dumbbell Bench Press,Chest,0.0,5,,,
2015-01-28,Flat Dumbbell Bench Press,Chest,80.0,5,,,
2015-01-28,Flat Dumbbell Bench Press,Chest,100.0,5,,,
2015-01-28,Flat Dumbbell Bench Press,Chest,110.0,5,,,
2015-01-28,Flat Dumbbell Bench Press,Chest,120.0,5,,,
2015-01-28,Seated Machine Fly,Chest,20.0,8,,,
2015-01-28,Seated Machine Fly,Chest,30.0,8,,,
2015-01-28,Seated Machine Fly,Chest,35.0,8,,,
2015-01-28,Seated Machine Fly,Chest,40.0,8,,,
2015-01-28,Seated Machine Fly,Chest,45.0,8,,,
2015-01-28,Barbell Curl,Biceps,30.0,5,,,
2015-01-28,Barbell Curl,Biceps,40.0,5,,,
2015-01-28,Barbell Curl,Biceps,50.0,5,,,
2015-01-28,Barbell Curl,Biceps,60.0,5,,,
2015-01-28,Barbell Curl,Biceps,0.0,5,,,
2015-01-28,Barbell Curl,Biceps,70.0,3,,,
2015-01-28,Dumbbell Hammer Curl,Biceps,45.0,5,,,
2015-01-28,Dumbbell Hammer Curl,Biceps,50.0,5,,,
2015-01-28,Dumbbell Hammer Curl,Biceps,55.0,5,,,
2015-01-28,Dumbbell Hammer Curl,Biceps,60.0,5,,,
2015-01-28,Dumbbell Hammer Curl,Biceps,60.0,5,,,
2015-01-28,Dumbbell Hammer Curl,Biceps,65.0,5,,,
2015-01-30,Barbell Squat,Legs,50.0,5,,,
2015-01-30,Barbell Squat,Legs,90.0,5,,,
2015-01-30,Barbell Squat,Legs,110.0,5,,,
2015-01-30,Barbell Squat,Legs,130.0,4,,,
2015-01-30,Barbell Squat,Legs,140.0,4,,,
2015-01-30,Barbell Squat,Legs,140.0,3,,,
2015-01-30,Barbell Squat,Legs,90.0,5,,,
2015-01-30,Dumbbell Lunge,Legs,60.0,5,,,
2015-01-30,Dumbbell Lunge,Legs,70.0,5,,,
2015-01-30,Dumbbell Lunge,Legs,80.0,5,,,
2015-01-30,Dumbbell Lunge,Legs,90.0,5,,,
2015-01-30,Standing Calf Raise Machine,Legs,15.0,8,,,
2015-01-30,Standing Calf Raise Machine,Legs,35.0,8,,,
2015-01-30,Standing Calf Raise Machine,Legs,55.0,8,,,
2015-01-30,Standing Calf Raise Machine,Legs,75.0,10,,,
2015-01-30,Standing Calf Raise Machine,Legs,95.0,10,,,
2015-01-30,Rope Push Down,Triceps,30.0,8,,,
2015-01-30,Rope Push Down,Triceps,42.5,5,,,
2015-01-30,Rope Push Down,Triceps,50.0,8,,,
2015-01-30,Rope Push Down,Triceps,57.5,8,,,
2015-01-30,Rope Push Down,Triceps,65.0,5,,,
2015-01-30,EZ-Bar Skullcrusher,Triceps,35.0,7,,,
2015-01-30,EZ-Bar Skullcrusher,Triceps,45.0,7,,,
2015-01-30,EZ-Bar Skullcrusher,Triceps,55.0,5,,,
2015-01-30,EZ-Bar Skullcrusher,Triceps,65.0,5,,,
2015-01-30,EZ-Bar Skullcrusher,Triceps,65.0,5,,,
2015-01-30,Parallel Bar Triceps Dip,Triceps,0.0,7,,,
2015-01-30,Parallel Bar Triceps Dip,Triceps,0.0,7,,,
2015-01-30,Parallel Bar Triceps Dip,Triceps,0.0,7,,,
2015-01-30,Parallel Bar Triceps Dip,Triceps,0.0,7,,,
2015-01-30,Parallel Bar Triceps Dip,Triceps,0.0,5,,,
2015-02-01,Hanging Leg Raise,Abs,0.0,15,,,
2015-02-01,Hanging Leg Raise,Abs,0.0,15,,,
2015-02-01,Hanging Leg Raise,Abs,0.0,15,,,
2015-02-01,Decline Crunch,Abs,0.0,15,,,
2015-02-01,Decline Crunch,Abs,0.0,15,,,
2015-02-01,Decline Crunch,Abs,0.0,15,,,
2015-02-01,Barbell Twist,Abs,60.0,17,,,
2015-02-01,Barbell Twist,Abs,70.0,20,,,
2015-02-01,Barbell Twist,Abs,90.0,15,,,
2015-02-01,Barbell Twist,Abs,70.0,15,,,
2015-02-01,Crunch,Abs,0.0,15,,,
2015-02-01,Crunch,Abs,0.0,15,,,
2015-02-01,Crunch,Abs,0.0,15,,,
2015-02-01,Overhead Press,Shoulders,0.0,5,,,
2015-02-01,Overhead Press,Shoulders,20.0,5,,,
2015-02-01,Overhead Press,Shoulders,40.0,5,,,
2015-02-01,Overhead Press,Shoulders,40.0,5,,,
2015-02-01,Overhead Press,Shoulders,40.0,5,,,
2015-02-01,Overhead Press,Shoulders,20.0,5,,,
2015-02-01,Extended Arm Raise + 90 Degree Arm Raise,Shoulders,10.0,12,,,
2015-02-01,Extended Arm Raise + 90 Degree Arm Raise,Shoulders,10.0,12,,,
2015-02-01,Extended Arm Raise + 90 Degree Arm Raise,Shoulders,10.0,12,,,
2015-02-01,Dumbbell Shrug,Shoulders,50.0,5,,,
2015-02-01,Dumbbell Shrug,Shoulders,60.0,8,,,
2015-02-01,Dumbbell Shrug,Shoulders,70.0,8,,,
2015-02-01,Dumbbell Shrug,Shoulders,75.0,8,,,
2015-02-01,Dumbbell Shrug,Shoulders,80.0,8,,,
2015-02-02,Deadlift,Back,90.0,5,,,
2015-02-02,Deadlift,Back,140.0,5,,,
2015-02-02,Deadlift,Back,190.0,5,,,
2015-02-02,Deadlift,Back,200.0,5,,,
2015-02-02,Deadlift,Back,180.0,5,,,
2015-02-02,Deadlift,Back,215.0,2,,,
2015-02-02,Barbell Row,Back,0.0,5,,,
2015-02-02,Barbell Row,Back,50.0,5,,,
2015-02-02,Barbell Row,Back,80.0,6,,,
2015-02-02,Barbell Row,Back,80.0,6,,,
2015-02-02,Pull Up,Back,0.0,6,,,
2015-02-02,Pull Up,Back,0.0,6,,,
2015-02-02,Pull Up,Back,0.0,6,,,
2015-02-04,Flat Dumbbell Bench Press,Chest,60.0,9,,,
2015-02-04,Flat Dumbbell Bench Press,Chest,80.0,10,,,
2015-02-04,Flat Dumbbell Bench Press,Chest,100.0,7,,,
2015-02-04,Flat Dumbbell Bench Press,Chest,110.0,6,,,
2015-02-04,Flat Dumbbell Bench Press,Chest,120.0,6,,,
2015-02-04,Flat Dumbbell Bench Press,Chest,130.0,5,,,
2015-02-04,Flat Dumbbell Bench Press,Chest,130.0,3,,,
2015-02-04,Incline Dumbbell Bench Press,Chest,50.0,5,,,
2015-02-04,Incline Dumbbell Bench Press,Chest,60.0,5,,,
2015-02-04,Incline Dumbbell Bench Press,Chest,70.0,5,,,
2015-02-04,Incline Dumbbell Bench Press,Chest,80.0,8,,,
2015-02-04,Incline Dumbbell Bench Press,Chest,90.0,5,,,
2015-02-04,Seated Machine Fly,Chest,40.0,8,,,
2015-02-04,Seated Machine Fly,Chest,45.0,5,,,
2015-02-04,Seated Machine Fly,Chest,50.0,5,,,
2015-02-04,Seated Machine Fly,Chest,60.0,5,,,
2015-02-04,Seated Machine Fly,Chest,60.0,4,,,
2015-02-04,Barbell Curl,Biceps,30.0,10,,,
2015-02-04,Barbell Curl,Biceps,40.0,6,,,
2015-02-04,Barbell Curl,Biceps,50.0,5,,,
2015-02-04,Barbell Curl,Biceps,60.0,5,,,
2015-02-04,Barbell Curl,Biceps,70.0,2,,,
2015-02-04,Dumbbell Hammer Curl,Biceps,45.0,5,,,
2015-02-04,Dumbbell Hammer Curl,Biceps,50.0,5,,,
2015-02-04,Dumbbell Hammer Curl,Biceps,55.0,5,,,
2015-02-04,Dumbbell Hammer Curl,Biceps,60.0,5,,,
2015-02-04,Dumbbell Hammer Curl,Biceps,65.0,4,,,
2015-02-08,Barbell Squat,Legs,50.0,5,,,
2015-02-08,Barbell Squat,Legs,70.0,5,,,
2015-02-08,Barbell Squat,Legs,90.0,5,,,
2015-02-08,Barbell Squat,Legs,110.0,5,,,
2015-02-08,Barbell Squat,Legs,130.0,3,,,
2015-02-08,Dumbbell Lunge,Legs,60.0,5,,,
2015-02-08,Dumbbell Lunge,Legs,70.0,5,,,
2015-02-08,Dumbbell Lunge,Legs,80.0,5,,,
2015-02-08,Dumbbell Lunge,Legs,90.0,5,,,
2015-02-08,Rope Push Down,Triceps,35.0,6,,,
2015-02-08,Rope Push Down,Triceps,42.5,6,,,
2015-02-08,Rope Push Down,Triceps,50.0,6,,,
2015-02-08,Rope Push Down,Triceps,57.5,6,,,
2015-02-08,Rope Push Down,Triceps,65.0,6,,,
2015-02-08,EZ-Bar Skullcrusher,Triceps,35.0,5,,,
2015-02-08,EZ-Bar Skullcrusher,Triceps,45.0,7,,,
2015-02-08,EZ-Bar Skullcrusher,Triceps,55.0,8,,,
2015-02-08,EZ-Bar Skullcrusher,Triceps,65.0,5,,,
2015-02-08,EZ-Bar Skullcrusher,Triceps,75.0,5,,,
2015-02-08,Standing Calf Raise Machine,Legs,55.0,10,,,
2015-02-08,Standing Calf Raise Machine,Legs,75.0,10,,,
2015-02-08,Standing Calf Raise Machine,Legs,95.0,10,,,
2015-02-08,Standing Calf Raise Machine,Legs,115.0,10,,,
2015-02-08,Standing Calf Raise Machine,Legs,135.0,10,,,
2015-02-08,Overhead Press,Shoulders,0.0,5,,,
2015-02-08,Overhead Press,Shoulders,20.0,5,,,
2015-02-08,Overhead Press,Shoulders,40.0,5,,,
2015-02-08,Overhead Press,Shoulders,50.0,3,,,
2015-02-08,Overhead Press,Shoulders,50.0,4,,,
2015-02-08,Dumbbell Shrug,Shoulders,50.0,8,,,
2015-02-08,Dumbbell Shrug,Shoulders,60.0,8,,,
2015-02-08,Dumbbell Shrug,Shoulders,70.0,8,,,
2015-02-08,Dumbbell Shrug,Shoulders,75.0,8,,,
2015-02-08,Extended Arm Raise + 90 Degree Arm Raise,Shoulders,15.0,12,,,
2015-02-08,Extended Arm Raise + 90 Degree Arm Raise,Shoulders,15.0,10,,,
2015-02-08,Extended Arm Raise + 90 Degree Arm Raise,Shoulders,15.0,8,,,
2015-02-08,Extended Arm Raise + 90 Degree Arm Raise,Shoulders,0.0,15,,,
2015-02-08,Extended Arm Raise + 90 Degree Arm Raise,Shoulders,0.0,15,,,
2015-02-08,Hanging Leg Raise,Abs,0.0,15,,,
2015-02-08,Hanging Leg Raise,Abs,0.0,15,,,
2015-02-08,Hanging Leg Raise,Abs,0.0,15,,,
2015-02-08,Barbell Twist,Abs,60.0,15,,,
2015-02-08,Barbell Twist,Abs,70.0,15,,,
2015-02-08,Barbell Twist,Abs,80.0,15,,,
2015-02-08,Decline Crunch,Abs,0.0,15,,,
2015-02-08,Decline Crunch,Abs,0.0,15,,,
2015-02-08,Decline Crunch,Abs,0.0,15,,,
2015-02-08,Bike Bike,Abs,0.0,15,,,
2015-02-08,Bike Bike,Abs,0.0,20,,,
2015-02-08,Bike Bike,Abs,0.0,20,,,
2015-09-08,Barbell Row,Back,0.0,5,,,
2015-09-08,Barbell Row,Back,50.0,10,,,
2015-09-08,Pull Up,Back,0.0,8,,,
2015-09-08,Pull Up,Back,0.0,7,,,
2015-09-08,Barbell Row,Back,90.0,9,,,
2015-09-08,Pull Up,Back,0.0,6,,,
2015-09-08,Barbell Row,Back,50.0,9,,,
2015-09-08,Barbell Row,Back,70.0,9,,,
2015-09-08,Barbell Row,Back,90.0,9,,,
2015-09-08,Deadlift,Back,90.0,5,,,
2015-09-08,Deadlift,Back,140.0,3,,,
2015-09-08,Deadlift,Back,140.0,3,,,
2015-09-08,Deadlift,Back,90.0,5,,,
2015-09-09,Flat Barbell Bench Press,Chest,0.0,5,,,
2015-09-09,Flat Barbell Bench Press,Chest,50.0,5,,,
2015-09-09,Flat Barbell Bench Press,Chest,70.0,5,,,
2015-09-09,Flat Barbell Bench Press,Chest,90.0,5,,,
2015-09-09,Flat Dumbbell Bench Press,Chest,80.0,5,,,
2015-09-09,Flat Barbell Bench Press,Chest,70.0,5,,,
2015-09-09,Flat Barbell Bench Press,Chest,100.0,5,,,
2015-09-09,Flat Barbell Bench Press,Chest,110.0,2,,,
2015-09-09,Barbell Curl,Biceps,40.0,10,,,
2015-09-09,Cable Crossover,Chest,10.0,10,,,
2015-09-09,Dumbbell Hammer Curl,Biceps,50.0,5,,,
2015-09-09,Barbell Curl,Biceps,60.0,5,,,
2015-09-09,Dumbbell Hammer Curl,Biceps,60.0,5,,,
2015-09-09,Incline Dumbbell Bench Press,Chest,90.0,5,,,
2015-09-09,Dumbbell Hammer Curl,Biceps,70.0,4,,,
2015-09-09,Barbell Curl,Biceps,75.0,3,,,
2015-09-09,Incline Dumbbell Bench Press,Chest,100.0,5,,,
2015-09-09,Cable Crossover,Chest,15.0,10,,,
2015-09-09,Barbell Curl,Biceps,70.0,3,,,
2015-09-09,Cable Crossover,Chest,20.0,10,,,
2015-09-09,Dumbbell Hammer Curl,Biceps,70.0,4,,,
2015-09-11,Barbell Front Squat,Legs,50.0,8,,,
2015-09-11,Close Grip Barbell Bench Press,Triceps,30.0,5,,,
2015-09-11,Barbell Front Squat,Legs,90.0,3,,,
2015-09-11,Barbell Front Squat,Legs,90.0,2,,,
2015-09-11,Barbell Front Squat,Legs,90.0,4,,,
2015-09-11,Close Grip Barbell Bench Press,Triceps,50.0,5,,,
2015-09-11,Close Grip Barbell Bench Press,Triceps,70.0,5,,,
2015-09-11,Close Grip Barbell Bench Press,Triceps,70.0,7,,,
2015-09-11,Dumbbell Lunge,Legs,60.0,5,,,
2015-09-11,Close Grip Barbell Bench Press,Triceps,70.0,6,,,
2015-09-11,Dumbbell Lunge,Legs,80.0,5,,,
2015-09-11,Dumbbell Lunge,Legs,100.0,3,,,
2015-09-11,Rope Push Down,Triceps,65.0,1,,,
2015-09-11,Rope Push Down,Triceps,50.0,10,,,
2015-09-11,Dumbbell Lunge,Legs,100.0,4,,,
2015-09-11,Rope Push Down,Triceps,57.5,10,,,
2015-09-11,Rope Push Down,Triceps,65.0,1,,,
2015-09-12,Overhead Press,Shoulders,0.0,5,,,
2015-09-12,Overhead Press,Shoulders,40.0,8,,,
2015-09-12,Hanging Leg Raise,Abs,0.0,15,,,
2015-09-12,Overhead Press,Shoulders,70.0,3,,,
2015-09-12,Overhead Press,Shoulders,50.0,5,,,
2015-09-12,Hanging Leg Raise,Abs,0.0,15,,,
2015-09-12,Overhead Press,Shoulders,60.0,3,,,
2015-09-12,Hanging Leg Raise,Abs,0.0,15,,,
2015-09-12,Overhead Press,Shoulders,60.0,2,,,
2015-09-12,Decline Crunch,Abs,25.0,15,,,
2015-09-12,Overhead Dumbbell Press,Shoulders,30.0,7,,,
2015-09-12,Decline Crunch,Abs,25.0,15,,,
2015-09-12,Overhead Dumbbell Press,Shoulders,40.0,6,,,
2015-09-12,Decline Crunch,Abs,25.0,12,,,
2015-09-12,Overhead Dumbbell Press,Shoulders,50.0,2,,,
2015-09-12,Side Dip,Abs,30.0,10,,,
2015-09-12,Dumbbell Shrug,Shoulders,70.0,8,,,
2015-09-12,Side Dip,Abs,40.0,10,,,
2015-09-12,Dumbbell Shrug,Shoulders,80.0,8,,,
2015-09-12,Dumbbell Shrug,Shoulders,70.0,8,,,
2015-09-12,Side Dip,Abs,50.0,10,,,
2015-09-12,Side Dip,Abs,60.0,10,,,
2015-09-12,Dumbbell Shrug,Shoulders,70.0,8,,,
2015-09-12,Dumbbell Shrug,Shoulders,70.0,8,,,
2015-09-12,Side Dip,Abs,60.0,10,,,
2015-09-14,Deadlift,Back,90.0,5,,,
2015-09-14,Deadlift,Back,50.0,5,,,
2015-09-14,Deadlift,Back,140.0,5,,,
2015-09-14,Deadlift,Back,140.0,6,,,
2015-09-14,Deadlift,Back,140.0,5,,,
2015-09-14,Deadlift,Back,160.0,3,,,
2015-09-14,Barbell Row,Back,0.0,5,,,
2015-09-14,Barbell Row,Back,50.0,10,,,
2015-09-14,Barbell Row,Back,90.0,8,,,
2015-09-14,Pull Up,Back,0.0,5,,,
2015-09-14,Barbell Row,Back,90.0,7,,,
2015-09-14,Barbell Row,Back,50.0,12,,,
2015-09-14,Pull Up,Back,0.0,7,,,
2015-09-14,Barbell Row,Back,50.0,12,,,
2015-09-14,Pull Up,Back,0.0,6,,,
2015-09-16,Flat Barbell Bench Press,Chest,0.0,10,,,
2015-09-16,Flat Barbell Bench Press,Chest,50.0,10,,,
2015-09-16,Flat Barbell Bench Press,Chest,100.0,5,,,
2015-09-16,Flat Barbell Bench Press,Chest,110.0,3,,,
2015-09-16,Flat Barbell Bench Press,Chest,115.0,3,,,
2015-09-16,Flat Barbell Bench Press,Chest,115.0,2,,,
2015-09-16,Flat Barbell Bench Press,Chest,90.0,8,,,
2015-09-16,Barbell Curl,Biceps,30.0,8,,,
2015-09-16,Incline Dumbbell Bench Press,Chest,80.0,5,,,
2015-09-16,Barbell Curl,Biceps,50.0,8,,,
2015-09-16,Incline Dumbbell Bench Press,Chest,100.0,5,,,
2015-09-16,Barbell Curl,Biceps,75.0,3,,,
2015-09-16,Barbell Curl,Biceps,75.0,3,,,
2015-09-16,Incline Dumbbell Bench Press,Chest,110.0,5,,,
2015-09-16,Barbell Curl,Biceps,75.0,2,,,
2015-09-16,Incline Dumbbell Bench Press,Chest,120.0,5,,,
2015-09-16,Barbell Curl,Biceps,60.0,5,,,
2015-09-16,Incline Dumbbell Bench Press,Chest,120.0,5,,,
2015-09-16,Cable Crossover,Chest,10.0,8,,,
2015-09-16,Dumbbell Hammer Curl,Biceps,60.0,6,,,
2015-09-16,Dumbbell Hammer Curl,Biceps,70.0,3,,,
2015-09-16,Cable Crossover,Chest,15.0,8,,,
2015-09-16,Cable Crossover,Chest,20.0,8,,,
2015-09-16,Dumbbell Hammer Curl,Biceps,70.0,4,,,
2015-09-16,Cable Crossover,Chest,25.0,8,,,
2015-09-16,Dumbbell Hammer Curl,Biceps,55.0,6,,,
2015-09-26,Overhead Press,Shoulders,0.0,10,,,
2015-09-26,Hanging Leg Raise,Abs,0.0,15,,,
2015-09-26,Overhead Press,Shoulders,40.0,6,,,
2015-09-26,Hanging Leg Raise,Abs,0.0,15,,,
2015-09-26,Overhead Press,Shoulders,70.0,3,,,
2015-09-26,Hanging Leg Raise,Abs,0.0,15,,,
2015-09-26,Overhead Press,Shoulders,60.0,4,,,
2015-09-26,Overhead Press,Shoulders,60.0,4,,,
2015-09-26,Overhead Press,Shoulders,50.0,5,,,
2015-09-26,Decline Crunch,Abs,0.0,20,,,
2015-09-26,Decline Crunch,Abs,0.0,20,,,
2015-09-26,Decline Crunch,Abs,0.0,15,,,
2015-09-26,Side Dip,Abs,20.0,10,,,
2015-09-26,Side Dip,Abs,35.0,10,,,
2015-09-26,Side Dip,Abs,50.0,10,,,
2015-09-26,Side Dip,Abs,65.0,8,,,
2015-09-26,Side Dip,Abs,60.0,10,,,
2015-09-27,Barbell Front Squat,Legs,50.0,5,,,
2015-09-27,Barbell Front Squat,Legs,0.0,5,,,
2015-09-27,Barbell Front Squat,Legs,50.0,5,,,
2015-09-27,Barbell Front Squat,Legs,90.0,4,,,
2015-09-27,Barbell Front Squat,Legs,70.0,5,,,
2015-09-27,Rope Push Down,Triceps,35.0,10,,,
2015-09-27,Dumbbell Lunge,Legs,60.0,5,,,
2015-09-27,Close Grip Barbell Bench Press,Triceps,50.0,6,,,
2015-09-27,Rope Push Down,Triceps,57.5,8,,,
2015-09-27,Dumbbell Lunge,Legs,100.0,2,,,
2015-09-27,Close Grip Barbell Bench Press,Triceps,70.0,8,,,
2015-09-28,Deadlift,Back,50.0,5,,,
2015-09-28,Deadlift,Back,90.0,5,,,
2015-09-28,Deadlift,Back,140.0,5,,,
2015-09-28,Deadlift,Back,190.0,1,,,
2015-09-28,Deadlift,Back,90.0,6,,,
2015-09-28,Barbell Row,Back,0.0,10,,,
2015-09-28,Pull Up,Back,0.0,9,,,
2015-09-28,Barbell Row,Back,50.0,10,,,
2015-09-28,Pull Up,Back,0.0,2,,,
2015-09-30,Flat Barbell Bench Press,Chest,0.0,8,,,
2015-09-30,Flat Barbell Bench Press,Chest,50.0,10,,,
2015-09-30,Flat Barbell Bench Press,Chest,90.0,7,,,
2015-09-30,Flat Barbell Bench Press,Chest,110.0,4,,,
2015-09-30,Flat Barbell Bench Press,Chest,115.0,2,,,
2015-09-30,Flat Barbell Bench Press,Chest,115.0,3,,,
2015-09-30,Cable Crossover,Chest,10.0,8,,,
2015-09-30,Cable Crossover,Chest,20.0,10,,,
2015-09-30,Barbell Curl,Biceps,30.0,5,,,
2015-09-30,Cable Crossover,Chest,25.0,8,,,
2015-09-30,Barbell Curl,Biceps,50.0,8,,,
2015-09-30,Barbell Curl,Biceps,70.0,6,,,
2015-09-30,Barbell Curl,Biceps,70.0,4,,,
2015-10-03,Barbell Squat,Legs,50.0,5,,,
2015-10-03,Barbell Squat,Legs,0.0,5,,,
2015-10-03,Close Grip Barbell Bench Press,Triceps,0.0,9,,,
2015-10-03,Barbell Squat,Legs,90.0,5,,,
2015-10-03,Barbell Squat,Legs,140.0,4,,,
2015-10-03,Close Grip Barbell Bench Press,Triceps,50.0,10,,,
2015-10-03,Barbell Squat,Legs,180.0,3,,,
2015-10-03,Barbell Squat,Legs,180.0,2,,,
2015-10-03,Close Grip Barbell Bench Press,Triceps,50.0,6,,,
2015-10-03,Dumbbell Lunge,Legs,40.0,5,,,
2015-10-03,Rope Push Down,Triceps,35.0,5,,,
2015-10-03,Dumbbell Lunge,Legs,60.0,5,,,
2015-10-03,Rope Push Down,Triceps,42.5,8,,,
2015-10-03,Dumbbell Lunge,Legs,80.0,3,,,
2015-10-03,Rope Push Down,Triceps,57.5,8,,,
2015-10-04,Overhead Press,Shoulders,0.0,10,,,
2015-10-04,Hanging Leg Raise,Abs,0.0,15,,,
2015-10-04,Overhead Press,Shoulders,50.0,7,,,
2015-10-04,Hanging Leg Raise,Abs,0.0,15,,,
2015-10-04,Overhead Press,Shoulders,70.0,4,,,
2015-10-04,Hanging Leg Raise,Abs,0.0,15,,,
2015-10-04,Overhead Press,Shoulders,50.0,7,,,
2015-10-04,Decline Crunch,Abs,0.0,20,,,
2015-10-04,Decline Crunch,Abs,0.0,20,,,
2015-10-04,Overhead Dumbbell Press,Shoulders,20.0,6,,,
2015-10-04,Decline Crunch,Abs,0.0,20,,,
2015-10-04,Overhead Dumbbell Press,Shoulders,30.0,6,,,
2015-10-04,Side Dip,Abs,30.0,10,,,
2015-10-04,Overhead Dumbbell Press,Shoulders,40.0,6,,,
2015-10-04,Side Dip,Abs,40.0,10,,,
2015-10-04,Overhead Dumbbell Press,Shoulders,45.0,5,,,
2015-10-04,Side Dip,Abs,50.0,10,,,
2015-10-04,Side Dip,Abs,60.0,10,,,
2015-10-05,Deadlift,Back,50.0,5,,,
2015-10-05,Deadlift,Back,90.0,5,,,
2015-10-05,Deadlift,Back,140.0,5,,,
2015-10-05,Deadlift,Back,180.0,4,,,
2015-10-05,Deadlift,Back,180.0,1,,,
2015-10-05,Barbell Row,Back,0.0,5,,,
2015-10-05,Barbell Row,Back,50.0,10,,,
2015-10-05,Barbell Row,Back,90.0,10,,,
2015-10-05,Barbell Row,Back,110.0,5,,,
2015-10-26,Deadlift,Back,90.0,5,,,
2015-10-26,Deadlift,Back,140.0,5,,,
2015-10-26,Deadlift,Back,180.0,4,,,
2015-10-26,Deadlift,Back,180.0,1,,,
2015-10-26,Barbell Row,Back,0.0,10,,,
2015-10-26,Barbell Row,Back,50.0,10,,,
2015-10-26,Pull Up,Back,0.0,8,,,
2015-10-26,Barbell Row,Back,70.0,10,,,
2015-10-26,Pull Up,Back,0.0,7,,,
2015-10-26,Barbell Row,Back,70.0,8,,,
2015-10-26,Pull Up,Back,0.0,4,,,
2015-10-26,Barbell Row,Back,50.0,10,,,
2015-10-28,Flat Barbell Bench Press,Chest,50.0,10,,,
2015-10-28,Flat Barbell Bench Press,Chest,90.0,10,,,
2015-10-28,Flat Barbell Bench Press,Chest,110.0,3,,,
2015-10-28,Flat Barbell Bench Press,Chest,115.0,2,,,
2015-10-28,Flat Barbell Bench Press,Chest,115.0,2,,,
2015-10-28,Cable Crossover,Chest,15.0,10,,,
2015-10-28,Barbell Curl,Biceps,40.0,10,,,
2015-10-28,Cable Crossover,Chest,20.0,10,,,
2015-10-28,Barbell Curl,Biceps,60.0,6,,,
2015-10-28,Cable Crossover,Chest,25.0,10,,,
2015-10-28,Barbell Curl,Biceps,70.0,5,,,
2015-10-28,Cable Crossover,Chest,30.0,9,,,
2015-10-28,Barbell Curl,Biceps,75.0,2,,,
2015-10-28,Cable Crossover,Chest,30.0,9,,,
2015-10-28,Barbell Curl,Biceps,70.0,4,,,
2015-10-29,Barbell Squat,Legs,50.0,5,,,
2015-10-29,Barbell Squat,Legs,90.0,5,,,
2015-10-29,Barbell Squat,Legs,140.0,5,,,
2015-10-29,Close Grip Barbell Bench Press,Triceps,50.0,10,,,
2015-10-29,Barbell Squat,Legs,180.0,1,,,
2015-10-29,Barbell Squat,Legs,90.0,7,,,
2015-10-29,Dumbbell Lunge,Legs,50.0,5,,,
2015-10-29,Close Grip Barbell Bench Press,Triceps,90.0,4,,,
2015-10-29,Dumbbell Lunge,Legs,70.0,5,,,
2015-10-29,Close Grip Barbell Bench Press,Triceps,90.0,5,,,
2015-10-29,Dumbbell Lunge,Legs,80.0,5,,,
2015-10-29,Close Grip Barbell Bench Press,Triceps,90.0,6,,,
2015-10-29,Dumbbell Lunge,Legs,90.0,2,,,
2015-10-29,Close Grip Barbell Bench Press,Triceps,90.0,4,,,
2015-11-09,Deadlift,Back,90.0,5,,,
2015-11-09,Deadlift,Back,140.0,5,,,
2015-11-09,Deadlift,Back,180.0,3,,,
2015-11-09,Deadlift,Back,180.0,3,,,
2015-11-09,Deadlift,Back,140.0,5,,,
2015-11-09,Barbell Row,Back,0.0,10,,,
2015-11-09,Pull Up,Back,0.0,8,,,
2015-11-09,Sumo Deadlift,Legs,90.0,5,,,
2015-11-09,Barbell Row,Back,50.0,10,,,
2015-11-09,Pull Up,Back,0.0,6,,,
2015-11-09,Sumo Deadlift,Legs,140.0,3,,,
2015-11-09,Barbell Row,Back,70.0,10,,,
2015-11-09,Sumo Deadlift,Legs,140.0,5,,,
2015-11-09,Barbell Row,Back,80.0,10,,,
2015-11-09,Pull Up,Back,0.0,5,,,
2015-11-11,Barbell Curl,Biceps,30.0,10,,,
2015-11-11,Barbell Curl,Biceps,50.0,7,,,
2015-11-11,Barbell Curl,Biceps,60.0,6,,,
2015-11-11,Flat Dumbbell Bench Press,Chest,80.0,7,,,
2015-11-11,Barbell Curl,Biceps,70.0,6,,,
2015-11-11,Flat Barbell Bench Press,Chest,110.0,4,,,
2015-11-11,Flat Barbell Bench Press,Chest,110.0,3,,,
2015-11-11,Flat Barbell Bench Press,Chest,110.0,2,,,
2015-11-11,Flat Barbell Bench Press,Chest,50.0,10,,,
2015-11-11,Flat Barbell Bench Press,Chest,90.0,5,,,
2015-11-11,Flat Barbell Bench Press,Chest,90.0,4,,,
2015-11-11,Cable Crossover,Chest,15.0,10,,,
2015-11-11,Barbell Curl,Biceps,75.0,1,,,
2015-11-11,Flat Dumbbell Bench Press,Chest,120.0,6,,,
2015-11-11,Cable Crossover,Chest,25.0,10,,,
2015-11-11,Dumbbell Hammer Curl,Biceps,70.0,7,,,
2015-11-11,Cable Crossover,Chest,30.0,7,,,
2015-11-11,Dumbbell Hammer Curl,Biceps,70.0,4,,,
2015-11-11,Flat Dumbbell Bench Press,Chest,140.0,2,,,
2015-11-11,Flat Dumbbell Bench Press,Chest,140.0,1,,,
2015-11-11,Cable Crossover,Chest,30.0,4,,,
2015-11-11,Dumbbell Hammer Curl,Biceps,70.0,3,,,
2015-11-13,Barbell Squat,Legs,50.0,5,,,
2015-11-13,Barbell Squat,Legs,0.0,5,,,
2015-11-13,Barbell Squat,Legs,90.0,5,,,
2015-11-13,Rope Push Down,Triceps,35.0,10,,,
2015-11-13,Barbell Squat,Legs,140.0,3,,,
2015-11-13,Barbell Squat,Legs,140.0,3,,,
2015-11-13,Rope Push Down,Triceps,50.0,10,,,
2015-11-13,EZ-Bar Skullcrusher,Triceps,35.0,10,,,
2015-11-13,Barbell Squat,Legs,140.0,3,,,
2015-11-13,EZ-Bar Skullcrusher,Triceps,55.0,10,,,
2015-11-13,Rope Push Down,Triceps,65.0,6,,,
2015-11-13,Barbell Squat,Legs,90.0,5,,,
2015-11-13,EZ-Bar Skullcrusher,Triceps,65.0,7,,,
2015-11-13,Rope Push Down,Triceps,72.5,4,,,
2015-11-13,EZ-Bar Skullcrusher,Triceps,75.0,5,,,
2015-11-15,Overhead Press,Shoulders,0.0,8,,,
2015-11-15,Hanging Leg Raise,Abs,0.0,15,,,
2015-11-15,Overhead Press,Shoulders,40.0,6,,,
2015-11-15,Overhead Press,Shoulders,50.0,5,,,
2015-11-15,Overhead Press,Shoulders,60.0,5,,,
2015-11-15,Hanging Leg Raise,Abs,0.0,15,,,
2015-11-15,Hanging Leg Raise,Abs,0.0,15,,,
2015-11-15,Overhead Press,Shoulders,65.0,3,,,
2015-11-15,Overhead Press,Shoulders,65.0,1,,,
2015-11-15,Overhead Press,Shoulders,50.0,4,,,
2015-11-15,Decline Crunch,Abs,25.0,15,,,
2015-11-15,Overhead Dumbbell Press,Shoulders,30.0,5,,,
2015-11-15,Decline Crunch,Abs,25.0,15,,,
2015-11-15,Overhead Dumbbell Press,Shoulders,40.0,5,,,
2015-11-15,Decline Crunch,Abs,25.0,15,,,
2015-11-15,Overhead Dumbbell Press,Shoulders,45.0,5,,,
2015-11-15,Side Dip,Abs,40.0,10,,,
2015-11-15,Side Dip,Abs,50.0,10,,,
2015-11-15,Overhead Dumbbell Press,Shoulders,45.0,3,,,
2015-11-16,Deadlift,Back,90.0,10,,,
2015-11-16,Deadlift,Back,50.0,10,,,
2015-11-16,Deadlift,Back,140.0,5,,,
2015-11-16,Deadlift,Back,180.0,4,,,
2015-11-16,Deadlift,Back,200.0,3,,,
2015-11-16,Barbell Row,Back,0.0,10,,,
2015-11-16,Deadlift,Back,180.0,3,,,
2015-11-16,Barbell Row,Back,40.0,10,,,
2015-11-16,Pull Up,Back,0.0,6,,,
2015-11-16,Barbell Row,Back,70.0,10,,,
2015-11-16,Barbell Row,Back,80.0,10,,,
2015-11-16,Pull Up,Back,0.0,5,,,
2015-11-16,Barbell Row,Back,50.0,10,,,
2015-11-16,Pull Up,Back,0.0,5,,,
2015-11-18,Flat Barbell Bench Press,Chest,50.0,10,,,
2015-11-18,Barbell Curl,Biceps,30.0,10,,,
2015-11-18,Flat Barbell Bench Press,Chest,90.0,10,,,
2015-11-18,Barbell Curl,Biceps,50.0,8,,,
2015-11-18,Flat Barbell Bench Press,Chest,110.0,4,,,
2015-11-18,Barbell Curl,Biceps,60.0,8,,,
2015-11-18,Flat Barbell Bench Press,Chest,110.0,5,,,
2015-11-18,Barbell Curl,Biceps,70.0,5,,,
2015-11-18,Flat Barbell Bench Press,Chest,110.0,2,,,
2015-11-18,Barbell Curl,Biceps,75.0,2,,,
2015-11-18,Cable Crossover,Chest,20.0,10,,,
2015-11-18,Dumbbell Hammer Curl,Biceps,70.0,5,,,
2015-11-18,Cable Crossover,Chest,25.0,9,,,
2015-11-18,Dumbbell Hammer Curl,Biceps,65.0,5,,,
2015-11-18,Cable Crossover,Chest,30.0,5,,,
2015-11-18,Dumbbell Hammer Curl,Biceps,60.0,5,,,
2015-11-18,Cable Crossover,Chest,30.0,6,,,
2015-11-18,Dumbbell Hammer Curl,Biceps,50.0,7,,,
2015-11-18,Dumbbell Hammer Curl,Biceps,45.0,6,,,
2015-11-18,Cable Crossover,Chest,30.0,5,,,
2015-11-24,Deadlift,Back,90.0,5,,,
2015-11-24,Deadlift,Back,50.0,5,,,
2015-11-24,Deadlift,Back,140.0,5,,,
2015-11-24,Barbell Row,Back,0.0,10,,,
2015-11-24,Deadlift,Back,180.0,5,,,
2015-11-24,Deadlift,Back,200.0,3,,,
2015-11-24,Barbell Row,Back,70.0,10,,,
2015-11-24,Barbell Row,Back,50.0,10,,,
2015-11-24,Deadlift,Back,140.0,5,,,
2015-11-24,Barbell Row,Back,90.0,10,,,
2015-11-24,Sumo Deadlift,Legs,140.0,5,,,
2015-11-24,Sumo Deadlift,Legs,140.0,5,,,
2015-11-24,Barbell Row,Back,100.0,5,,,
2015-11-24,Pull Up,Back,0.0,7,,,
2015-11-24,Pull Up,Back,0.0,6,,,
2015-11-24,Pull Up,Back,0.0,5,,,
2015-11-25,Barbell Curl,Biceps,30.0,10,,,
2015-11-25,Barbell Curl,Biceps,50.0,8,,,
2015-11-25,Barbell Curl,Biceps,60.0,6,,,
2015-11-25,Flat Barbell Bench Press,Chest,0.0,10,,,
2015-11-25,Flat Barbell Bench Press,Chest,50.0,10,,,
2015-11-25,Barbell Curl,Biceps,70.0,4,,,
2015-11-25,Flat Barbell Bench Press,Chest,90.0,7,,,
2015-11-25,Barbell Curl,Biceps,75.0,3,,,
2015-11-25,Flat Barbell Bench Press,Chest,110.0,3,,,
2015-11-25,Flat Barbell Bench Press,Chest,110.0,4,,,
2015-11-25,Flat Barbell Bench Press,Chest,100.0,7,,,
2015-11-25,Dumbbell Hammer Curl,Biceps,70.0,6,,,
2015-11-25,Flat Barbell Bench Press,Chest,100.0,4,,,
2015-11-25,Dumbbell Hammer Curl,Biceps,70.0,5,,,
2015-11-25,Cable Crossover,Chest,15.0,10,,,
2015-11-25,Dumbbell Hammer Curl,Biceps,70.0,5,,,
2015-11-25,Cable Crossover,Chest,20.0,10,,,
2015-11-25,Dumbbell Hammer Curl,Biceps,70.0,3,,,
2015-11-25,Cable Crossover,Chest,25.0,7,,,
2015-11-25,Dumbbell Hammer Curl,Biceps,50.0,7,,,
2015-11-29,Overhead Press,Shoulders,0.0,8,,,
2015-11-29,Overhead Press,Shoulders,40.0,8,,,
2015-11-29,Hanging Leg Raise,Abs,0.0,15,,,
2015-11-29,Overhead Press,Shoulders,50.0,7,,,
2015-11-29,Hanging Leg Raise,Abs,0.0,15,,,
2015-11-29,Overhead Press,Shoulders,60.0,4,,,
2015-11-29,Hanging Leg Raise,Abs,0.0,15,,,
2015-11-29,Overhead Press,Shoulders,60.0,3,,,
2015-11-29,Overhead Press,Shoulders,60.0,3,,,
2015-11-29,Decline Crunch,Abs,25.0,15,,,
2015-11-29,Decline Crunch,Abs,25.0,15,,,
2015-11-29,Decline Crunch,Abs,25.0,13,,,
2015-11-29,Dumbbell Shrug,Shoulders,60.0,8,,,
2015-11-29,Side Dip,Abs,30.0,10,,,
2015-11-29,Side Dip,Abs,40.0,10,,,
2015-11-29,Dumbbell Shrug,Shoulders,70.0,8,,,
2015-11-29,Side Dip,Abs,50.0,10,,,
2015-11-29,Dumbbell Shrug,Shoulders,75.0,8,,,
2015-11-30,Deadlift,Back,90.0,7,,,
2015-11-30,Deadlift,Back,140.0,5,,,
2015-11-30,Deadlift,Back,180.0,4,,,
2015-11-30,Deadlift,Back,210.0,1,,,
2015-11-30,Deadlift,Back,210.0,2,,,
2015-11-30,Deadlift,Back,180.0,4,,,
2015-11-30,Barbell Row,Back,0.0,10,,,
2015-11-30,Pull Up,Back,0.0,5,,,
2015-11-30,Barbell Row,Back,50.0,10,,,
2015-11-30,Pull Up,Back,0.0,5,,,
2015-11-30,Barbell Row,Back,90.0,10,,,
2015-11-30,Pull Up,Back,0.0,5,,,
2015-12-02,Flat Barbell Bench Press,Chest,0.0,10,,,
2015-12-02,Flat Barbell Bench Press,Chest,50.0,10,,,
2015-12-02,Flat Barbell Bench Press,Chest,90.0,7,,,
2015-12-02,Flat Barbell Bench Press,Chest,110.0,4,,,
2015-12-02,Barbell Curl,Biceps,40.0,7,,,
2015-12-02,Flat Barbell Bench Press,Chest,120.0,1,,,
2015-12-02,Flat Barbell Bench Press,Chest,90.0,6,,,
2015-12-02,Flat Barbell Bench Press,Chest,120.0,1,,,
2015-12-02,Barbell Curl,Biceps,50.0,7,,,
2015-12-02,Flat Barbell Bench Press,Chest,110.0,3,,,
2015-12-02,Barbell Curl,Biceps,60.0,5,,,
2015-12-02,Barbell Curl,Biceps,70.0,5,,,
2015-12-02,Cable Crossover,Chest,15.0,10,,,
2015-12-02,Barbell Curl,Biceps,75.0,2,,,
2015-12-02,Cable Crossover,Chest,20.0,10,,,
2015-12-02,Dumbbell Hammer Curl,Biceps,70.0,5,,,
2015-12-02,Dumbbell Hammer Curl,Biceps,70.0,5,,,
2015-12-02,Cable Crossover,Chest,25.0,10,,,
2015-12-02,Dumbbell Hammer Curl,Biceps,70.0,4,,,
2015-12-02,Cable Crossover,Chest,30.0,6,,,
2015-12-02,Dumbbell Hammer Curl,Biceps,70.0,4,,,
2015-12-04,Barbell Squat,Legs,50.0,5,,,
2015-12-04,Barbell Squat,Legs,0.0,5,,,
2015-12-04,Barbell Squat,Legs,140.0,4,,,
2015-12-04,Barbell Squat,Legs,90.0,5,,,
2015-12-04,Barbell Squat,Legs,140.0,2,,,
2015-12-04,Barbell Squat,Legs,90.0,4,,,
2015-12-04,Close Grip Barbell Bench Press,Triceps,50.0,10,,,
2015-12-04,Close Grip Barbell Bench Press,Triceps,70.0,10,,,
2015-12-04,Close Grip Barbell Bench Press,Triceps,80.0,7,,,
2015-12-04,Close Grip Barbell Bench Press,Triceps,80.0,5,,,
2015-12-05,Overhead Press,Shoulders,0.0,10,,,
2015-12-05,Overhead Press,Shoulders,40.0,10,,,
2015-12-05,Hanging Leg Raise,Abs,0.0,15,,,
2015-12-05,Hanging Leg Raise,Abs,0.0,15,,,
2015-12-05,Overhead Press,Shoulders,50.0,7,,,
2015-12-05,Hanging Leg Raise,Abs,0.0,15,,,
2015-12-05,Overhead Press,Shoulders,50.0,5,,,
2015-12-05,Side Dip,Abs,40.0,10,,,
2015-12-05,Overhead Dumbbell Press,Shoulders,30.0,5,,,
2015-12-05,Decline Crunch,Abs,25.0,15,,,
2015-12-05,Side Dip,Abs,45.0,10,,,
2015-12-05,Overhead Dumbbell Press,Shoulders,35.0,5,,,
2015-12-05,Side Dip,Abs,50.0,10,,,
2015-12-05,Overhead Dumbbell Press,Shoulders,40.0,5,,,
2015-12-05,Decline Crunch,Abs,25.0,15,,,
2015-12-05,Decline Crunch,Abs,25.0,15,,,
2015-12-05,Side Dip,Abs,55.0,10,,,
2015-12-05,Overhead Dumbbell Press,Shoulders,42.5,5,,,
2015-12-05,Side Dip,Abs,60.0,10,,,
2015-12-05,Overhead Dumbbell Press,Shoulders,45.0,4,,,
2015-12-07,Deadlift,Back,50.0,5,,,
2015-12-07,Deadlift,Back,90.0,5,,,
2015-12-07,Deadlift,Back,140.0,5,,,
2015-12-07,Deadlift,Back,180.0,4,,,
2015-12-07,Deadlift,Back,200.0,3,,,
2015-12-07,Deadlift,Back,210.0,2,,,
2015-12-07,Deadlift,Back,180.0,3,,,
2015-12-07,Barbell Row,Back,0.0,10,,,
2015-12-07,Barbell Row,Back,50.0,10,,,
2015-12-07,Barbell Row,Back,90.0,6,,,
2015-12-07,Barbell Row,Back,90.0,4,,,
2015-12-07,Pull Up,Back,0.0,7,,,
2015-12-08,Flat Barbell Bench Press,Chest,0.0,10,,,
2015-12-08,Flat Barbell Bench Press,Chest,50.0,10,,,
2015-12-08,Flat Barbell Bench Press,Chest,90.0,6,,,
2015-12-08,Barbell Curl,Biceps,30.0,10,,,
2015-12-08,Flat Barbell Bench Press,Chest,90.0,6,,,
2015-12-08,Barbell Curl,Biceps,40.0,10,,,
2015-12-08,Flat Barbell Bench Press,Chest,110.0,4,,,
2015-12-08,Barbell Curl,Biceps,60.0,5,,,
2015-12-08,Flat Barbell Bench Press,Chest,130.0,1,,,
2015-12-08,Barbell Curl,Biceps,70.0,5,,,
2015-12-08,Flat Barbell Bench Press,Chest,130.0,1,,,
2015-12-08,Flat Barbell Bench Press,Chest,90.0,5,,,
2015-12-08,Barbell Curl,Biceps,75.0,3,,,
2015-12-08,Cable Crossover,Chest,20.0,10,,,
2015-12-08,Dumbbell Hammer Curl,Biceps,70.0,6,,,
2015-12-08,Cable Crossover,Chest,25.0,10,,,
2015-12-08,Dumbbell Hammer Curl,Biceps,70.0,5,,,
2015-12-08,Cable Crossover,Chest,30.0,10,,,
2015-12-08,Dumbbell Hammer Curl,Biceps,70.0,5,,,
2015-12-11,Barbell Squat,Legs,0.0,10,,,
2015-12-11,Barbell Squat,Legs,50.0,7,,,
2015-12-11,Barbell Squat,Legs,90.0,5,,,
2015-12-11,Barbell Squat,Legs,140.0,5,,,
2015-12-11,Rope Push Down,Triceps,25.0,10,,,
2015-12-11,Barbell Squat,Legs,160.0,3,,,
2015-12-11,Rope Push Down,Triceps,35.0,10,,,
2015-12-11,Barbell Squat,Legs,160.0,3,,,
2015-12-11,Rope Push Down,Triceps,50.0,10,,,
2015-12-11,Dumbbell Lunge,Legs,30.0,5,,,
2015-12-11,Rope Push Down,Triceps,57.5,10,,,
2015-12-11,Dumbbell Lunge,Legs,40.0,5,,,
2015-12-11,Dumbbell Lunge,Legs,45.0,5,,,
2015-12-11,Rope Push Down,Triceps,65.0,5,,,
2015-12-11,EZ-Bar Skullcrusher,Triceps,35.0,5,,,
2015-12-11,Rope Push Down,Triceps,65.0,5,,,
2015-12-11,EZ-Bar Skullcrusher,Triceps,45.0,5,,,
2015-12-11,EZ-Bar Skullcrusher,Triceps,55.0,5,,,
2015-12-12,Overhead Press,Shoulders,0.0,10,,,
2015-12-12,Hanging Leg Raise,Abs,0.0,15,,,
2015-12-12,Overhead Press,Shoulders,40.0,5,,,
2015-12-12,Hanging Leg Raise,Abs,0.0,15,,,
2015-12-12,Overhead Press,Shoulders,50.0,5,,,
2015-12-12,Hanging Leg Raise,Abs,0.0,15,,,
2015-12-12,Overhead Press,Shoulders,60.0,1,,,
2015-12-12,Overhead Press,Shoulders,50.0,5,,,
2015-12-12,Overhead Dumbbell Press,Shoulders,20.0,5,,,
2015-12-12,Decline Crunch,Abs,25.0,15,,,
2015-12-12,Overhead Dumbbell Press,Shoulders,30.0,7,,,
2015-12-12,Decline Crunch,Abs,25.0,15,,,
2015-12-12,Overhead Dumbbell Press,Shoulders,40.0,7,,,
2015-12-12,Decline Crunch,Abs,25.0,15,,,
2015-12-12,Overhead Dumbbell Press,Shoulders,45.0,5,,,
2015-12-12,Overhead Dumbbell Press,Shoulders,50.0,3,,,
2015-12-12,Side Dip,Abs,45.0,10,,,
2015-12-12,Side Dip,Abs,60.0,5,,,
2015-12-12,Dumbbell Shrug,Shoulders,70.0,8,,,
2015-12-12,Side Dip,Abs,65.0,5,,,
2015-12-12,Dumbbell Shrug,Shoulders,80.0,8,,,
2015-12-12,Dumbbell Shrug,Shoulders,90.0,2,,,
2015-12-14,Deadlift,Back,0.0,10,,,
2015-12-14,Deadlift,Back,50.0,7,,,
2015-12-14,Deadlift,Back,90.0,5,,,
2015-12-14,Deadlift,Back,140.0,5,,,
2015-12-14,Deadlift,Back,180.0,3,,,
2015-12-14,Deadlift,Back,210.0,2,,,
2015-12-14,Deadlift,Back,180.0,3,,,
2015-12-14,Pull Up,Back,0.0,7,,,
2015-12-14,Sumo Deadlift,Legs,90.0,5,,,
2015-12-14,Sumo Deadlift,Legs,140.0,3,,,
2015-12-14,Pull Up,Back,0.0,7,,,
2015-12-14,Barbell Row,Back,0.0,10,,,
2015-12-14,Pull Up,Back,0.0,5,,,
2015-12-14,Barbell Row,Back,50.0,10,,,
2015-12-14,Barbell Row,Back,70.0,10,,,
2015-12-14,Barbell Row,Back,90.0,5,,,
2015-12-16,Flat Barbell Bench Press,Chest,0.0,10,,,
2015-12-16,Flat Barbell Bench Press,Chest,50.0,10,,,
2015-12-16,Barbell Curl,Biceps,30.0,10,,,
2015-12-16,Flat Barbell Bench Press,Chest,90.0,7,,,
2015-12-16,Barbell Curl,Biceps,40.0,10,,,
2015-12-16,Flat Barbell Bench Press,Chest,110.0,3,,,
2015-12-16,Barbell Curl,Biceps,50.0,7,,,
2015-12-16,Flat Barbell Bench Press,Chest,110.0,4,,,
2015-12-16,Barbell Curl,Biceps,60.0,5,,,
2015-12-16,Flat Barbell Bench Press,Chest,110.0,2,,,
2015-12-16,Barbell Curl,Biceps,70.0,6,,,
2015-12-16,Cable Crossover,Chest,20.0,10,,,
2015-12-16,Barbell Curl,Biceps,75.0,4,,,
2015-12-16,Cable Crossover,Chest,25.0,10,,,
2015-12-16,Dumbbell Hammer Curl,Biceps,80.0,2,,,
2015-12-16,Cable Crossover,Chest,30.0,10,,,
2015-12-16,Dumbbell Hammer Curl,Biceps,80.0,2,,,
2015-12-16,Cable Crossover,Chest,30.0,9,,,
2015-12-16,Dumbbell Hammer Curl,Biceps,70.0,4,,,
2015-12-16,Cable Crossover,Chest,30.0,4,,,
2015-12-17,Barbell Squat,Legs,0.0,10,,,
2015-12-17,Barbell Squat,Legs,50.0,6,,,
2015-12-17,Barbell Squat,Legs,90.0,5,,,
2015-12-17,Close Grip Barbell Bench Press,Triceps,0.0,10,,,
2015-12-17,Barbell Squat,Legs,140.0,5,,,
2015-12-17,Close Grip Barbell Bench Press,Triceps,50.0,7,,,
2015-12-17,Barbell Squat,Legs,140.0,5,,,
2015-12-17,Close Grip Barbell Bench Press,Triceps,90.0,4,,,
2015-12-17,Barbell Squat,Legs,180.0,2,,,
2015-12-17,Close Grip Barbell Bench Press,Triceps,90.0,5,,,
2015-12-17,Barbell Squat,Legs,180.0,2,,,
2015-12-17,Close Grip Barbell Bench Press,Triceps,90.0,5,,,
2015-12-17,Rope Push Down,Triceps,30.0,8,,,
2015-12-17,Goblet Squat,Legs,16.0,8,,,
2015-12-17,Goblet Squat,Legs,20.0,8,,,
2015-12-17,Rope Push Down,Triceps,42.5,8,,,
2015-12-17,Goblet Squat,Legs,24.0,8,,,
2015-12-17,Rope Push Down,Triceps,57.5,8,,,
2015-12-17,Rope Push Down,Triceps,65.0,8,,,
2015-12-17,Rope Push Down,Triceps,72.5,4,,,
2015-12-20,Overhead Press,Shoulders,0.0,10,,,
2015-12-20,Hanging Leg Raise,Abs,0.0,15,,,
2015-12-20,Overhead Press,Shoulders,40.0,10,,,
2015-12-20,Hanging Leg Raise,Abs,0.0,15,,,
2015-12-20,Overhead Press,Shoulders,50.0,5,,,
2015-12-20,Hanging Leg Raise,Abs,0.0,15,,,
2015-12-20,Overhead Press,Shoulders,70.0,3,,,
2015-12-20,Overhead Press,Shoulders,60.0,4,,,
2015-12-20,Decline Crunch,Abs,25.0,15,,,
2015-12-20,Overhead Dumbbell Press,Shoulders,20.0,5,,,
2015-12-20,Decline Crunch,Abs,25.0,15,,,
2015-12-20,Overhead Dumbbell Press,Shoulders,30.0,7,,,
2015-12-20,Decline Crunch,Abs,25.0,15,,,
2015-12-20,Overhead Dumbbell Press,Shoulders,40.0,6,,,
2015-12-20,Side Dip,Abs,30.0,8,,,
2015-12-20,Dumbbell Shrug,Shoulders,70.0,8,,,
2015-12-20,Overhead Dumbbell Press,Shoulders,45.0,5,,,
2015-12-20,Side Dip,Abs,40.0,8,,,
2015-12-20,Dumbbell Shrug,Shoulders,75.0,8,,,
2015-12-20,Side Dip,Abs,50.0,8,,,
2015-12-20,Overhead Dumbbell Press,Shoulders,50.0,3,,,
2015-12-20,Dumbbell Shrug,Shoulders,80.0,8,,,
2015-12-20,Side Dip,Abs,60.0,8,,,
2015-12-20,Overhead Dumbbell Press,Shoulders,50.0,3,,,
2015-12-20,Dumbbell Shrug,Shoulders,90.0,8,,,
2015-12-21,Deadlift,Back,0.0,5,,,
2015-12-21,Deadlift,Back,90.0,5,,,
2015-12-21,Deadlift,Back,90.0,5,,,
2015-12-21,Deadlift,Back,140.0,5,,,
2015-12-21,Deadlift,Back,180.0,4,,,
2015-12-21,Deadlift,Back,200.0,3,,,
2015-12-21,Deadlift,Back,180.0,6,,,
2015-12-21,Barbell Row,Back,0.0,10,,,
2015-12-21,Barbell Row,Back,40.0,10,,,
2015-12-21,Barbell Row,Back,50.0,10,,,
2015-12-21,Barbell Row,Back,70.0,10,,,
2015-12-21,Barbell Row,Back,90.0,6,,,
2015-12-21,Pull Up,Back,0.0,7,,,
2015-12-21,Pull Up,Back,0.0,6,,,
2015-12-21,Pull Up,Back,0.0,6,,,
2015-12-22,Flat Barbell Bench Press,Chest,0.0,10,,,
2015-12-22,Flat Barbell Bench Press,Chest,50.0,10,,,
2015-12-22,Barbell Curl,Biceps,30.0,10,,,
2015-12-22,Flat Barbell Bench Press,Chest,90.0,5,,,
2015-12-22,Barbell Curl,Biceps,50.0,5,,,
2015-12-22,Flat Barbell Bench Press,Chest,110.0,5,,,
2015-12-22,Barbell Curl,Biceps,60.0,5,,,
2015-12-22,Flat Barbell Bench Press,Chest,130.0,1,,,
2015-12-22,Barbell Curl,Biceps,70.0,5,,,
2015-12-22,Flat Barbell Bench Press,Chest,120.0,2,,,
2015-12-22,Barbell Curl,Biceps,75.0,5,,,
2015-12-22,Flat Barbell Bench Press,Chest,120.0,2,,,
2015-12-22,Dumbbell Hammer Curl,Biceps,80.0,3,,,
2015-12-22,Cable Crossover,Chest,20.0,10,,,
2015-12-22,Dumbbell Hammer Curl,Biceps,80.0,4,,,
2015-12-22,Cable Crossover,Chest,25.0,10,,,
2015-12-22,Dumbbell Hammer Curl,Biceps,80.0,3,,,
2015-12-28,Deadlift,Back,50.0,5,,,
2015-12-28,Deadlift,Back,90.0,6,,,
2015-12-28,Deadlift,Back,140.0,5,,,
2015-12-28,Deadlift,Back,180.0,3,,,
2015-12-28,Deadlift,Back,200.0,3,,,
2015-12-28,Deadlift,Back,220.0,2,,,
2015-12-28,Deadlift,Back,180.0,5,,,
2015-12-28,Barbell Row,Back,0.0,10,,,
2015-12-28,Pull Up,Back,0.0,8,,,
2015-12-28,Barbell Row,Back,40.0,10,,,
2015-12-28,Pull Up,Back,0.0,8,,,
2015-12-28,Barbell Row,Back,70.0,10,,,
2015-12-28,Pull Up,Back,0.0,5,,,
2015-12-28,Barbell Row,Back,70.0,10,,,
2015-12-30,Flat Barbell Bench Press,Chest,0.0,10,,,
2015-12-30,Flat Barbell Bench Press,Chest,50.0,10,,,
2015-12-30,Barbell Curl,Biceps,30.0,10,,,
2015-12-30,Flat Barbell Bench Press,Chest,90.0,7,,,
2015-12-30,Barbell Curl,Biceps,40.0,10,,,
2015-12-30,Flat Barbell Bench Press,Chest,110.0,5,,,
2015-12-30,Barbell Curl,Biceps,60.0,6,,,
2015-12-30,Flat Barbell Bench Press,Chest,90.0,3,,,
2015-12-30,Barbell Curl,Biceps,70.0,5,,,
2015-12-30,Flat Barbell Bench Press,Chest,90.0,7,,,
2015-12-30,Barbell Curl,Biceps,75.0,5,,,
2015-12-30,Cable Crossover,Chest,15.0,10,,,
2015-12-30,Barbell Curl,Biceps,80.0,2,,,
2015-12-30,Cable Crossover,Chest,20.0,10,,,
2015-12-30,Barbell Curl,Biceps,80.0,2,,,
2015-12-30,Cable Crossover,Chest,25.0,10,,,
2015-12-30,Dumbbell Hammer Curl,Biceps,80.0,3,,,
2015-12-30,Cable Crossover,Chest,30.0,10,,,
2015-12-30,Dumbbell Hammer Curl,Biceps,80.0,3,,,
2015-12-30,Cable Crossover,Chest,35.0,4,,,
2015-12-30,Dumbbell Hammer Curl,Biceps,80.0,2,,,
2016-01-02,Barbell Squat,Legs,0.0,5,,,
2016-01-02,Barbell Squat,Legs,50.0,5,,,
2016-01-02,Barbell Squat,Legs,90.0,6,,,
2016-01-02,Barbell Squat,Legs,140.0,4,,,
2016-01-02,Barbell Squat,Legs,180.0,1,,,
2016-01-02,Barbell Squat,Legs,180.0,1,,,
2016-01-02,Close Grip Barbell Bench Press,Triceps,0.0,10,,,
2016-01-02,Goblet Squat,Legs,12.0,10,,,
2016-01-02,Close Grip Barbell Bench Press,Triceps,50.0,10,,,
2016-01-02,Goblet Squat,Legs,16.0,10,,,
2016-01-02,Close Grip Barbell Bench Press,Triceps,70.0,10,,,
2016-01-02,Goblet Squat,Legs,20.0,10,,,
2016-01-02,Close Grip Barbell Bench Press,Triceps,90.0,6,,,
2016-01-02,Goblet Squat,Legs,20.0,10,,,
2016-01-02,Close Grip Barbell Bench Press,Triceps,90.0,5,,,
2016-01-02,Goblet Squat,Legs,20.0,10,,,
2016-01-02,Rope Push Down,Triceps,35.0,10,,,
2016-01-02,Rope Push Down,Triceps,50.0,8,,,
2016-01-02,Rope Push Down,Triceps,65.0,5,,,
2016-01-03,Overhead Press,Shoulders,0.0,10,,,
2016-01-03,Overhead Press,Shoulders,40.0,7,,,
2016-01-03,Hanging Leg Raise,Abs,0.0,15,,,
2016-01-03,Hanging Leg Raise,Abs,0.0,15,,,
2016-01-03,Overhead Press,Shoulders,50.0,6,,,
2016-01-03,Overhead Press,Shoulders,60.0,3,,,
2016-01-03,Hanging Leg Raise,Abs,0.0,15,,,
2016-01-03,Overhead Press,Shoulders,60.0,3,,,
2016-01-03,Overhead Press,Shoulders,60.0,3,,,
2016-01-03,Decline Crunch,Abs,25.0,15,,,
2016-01-03,Decline Crunch,Abs,25.0,15,,,
2016-01-03,Dumbbell Shrug,Shoulders,70.0,8,,,
2016-01-03,Decline Crunch,Abs,25.0,15,,,
2016-01-03,Dumbbell Shrug,Shoulders,80.0,8,,,
2016-01-03,Dumbbell Shrug,Shoulders,90.0,8,,,
2016-01-03,Side Dip,Abs,45.0,8,,,
2016-01-03,Overhead Dumbbell Press,Shoulders,30.0,7,,,
2016-01-03,Dumbbell Shrug,Shoulders,90.0,5,,,
2016-01-03,Side Dip,Abs,55.0,8,,,
2016-01-03,Overhead Dumbbell Press,Shoulders,40.0,6,,,
2016-01-03,Side Dip,Abs,60.0,8,,,
2016-01-04,Deadlift,Back,50.0,5,,,
2016-01-04,Deadlift,Back,0.0,5,,,
2016-01-04,Deadlift,Back,90.0,5,,,
2016-01-04,Deadlift,Back,140.0,5,,,
2016-01-04,Deadlift,Back,180.0,5,,,
2016-01-04,Deadlift,Back,200.0,3,,,
2016-01-04,Barbell Row,Back,0.0,10,,,
2016-01-04,Pull Up,Back,0.0,5,,,
2016-01-04,Barbell Row,Back,40.0,10,,,
2016-01-04,Pull Up,Back,0.0,5,,,
2016-01-04,Barbell Row,Back,50.0,10,,,
2016-01-04,Pull Up,Back,0.0,5,,,
2016-01-04,Barbell Row,Back,70.0,10,,,
2016-01-06,Flat Barbell Bench Press,Chest,0.0,10,,,
2016-01-06,Flat Barbell Bench Press,Chest,50.0,10,,,
2016-01-06,Flat Barbell Bench Press,Chest,90.0,5,,,
2016-01-06,Flat Barbell Bench Press,Chest,100.0,5,,,
2016-01-06,Flat Barbell Bench Press,Chest,110.0,4,,,
2016-01-06,Flat Barbell Bench Press,Chest,110.0,4,,,
2016-01-06,Flat Barbell Bench Press,Chest,90.0,5,,,
2016-01-06,Flat Barbell Bench Press,Chest,110.0,5,,,
2016-01-06,Flat Barbell Bench Press,Chest,130.0,1,,,
2016-01-06,Barbell Curl,Biceps,30.0,5,,,
2016-01-06,Cable Crossover,Chest,20.0,10,,,
2016-01-06,Barbell Curl,Biceps,50.0,6,,,
2016-01-06,Cable Crossover,Chest,25.0,10,,,
2016-01-06,Barbell Curl,Biceps,60.0,5,,,
2016-01-06,Cable Crossover,Chest,30.0,10,,,
2016-01-06,Barbell Curl,Biceps,70.0,5,,,
2016-01-06,Cable Crossover,Chest,32.5,10,,,
2016-01-06,Barbell Curl,Biceps,75.0,3,,,
2016-01-06,Cable Crossover,Chest,32.5,7,,,
2016-01-06,Dumbbell Hammer Curl,Biceps,80.0,2,,,
2016-01-06,Dumbbell Hammer Curl,Biceps,70.0,5,,,
2016-01-06,Dumbbell Hammer Curl,Biceps,70.0,4,,,
2016-01-06,Dumbbell Hammer Curl,Biceps,65.0,5,,,
2016-01-08,Goblet Squat,Legs,8.0,5,,,
2016-01-08,Barbell Squat,Legs,0.0,5,,,
2016-01-08,Barbell Squat,Legs,50.0,5,,,
2016-01-08,Barbell Squat,Legs,90.0,5,,,
2016-01-08,Barbell Squat,Legs,140.0,5,,,
2016-01-08,Barbell Squat,Legs,160.0,3,,,
2016-01-08,Close Grip Barbell Bench Press,Triceps,20.0,10,,,
2016-01-08,Barbell Squat,Legs,160.0,3,,,
2016-01-08,Close Grip Barbell Bench Press,Triceps,50.0,10,,,
2016-01-08,Barbell Squat,Legs,140.0,3,,,
2016-01-08,Close Grip Barbell Bench Press,Triceps,70.0,7,,,
2016-01-08,Barbell Squat,Legs,90.0,5,,,
2016-01-08,Close Grip Barbell Bench Press,Triceps,90.0,5,,,
2016-01-08,Close Grip Barbell Bench Press,Triceps,100.0,4,,,
2016-01-08,Dumbbell Lunge,Legs,20.0,5,,,
2016-01-08,Rope Push Down,Triceps,35.0,8,,,
2016-01-08,Dumbbell Lunge,Legs,30.0,5,,,
2016-01-08,Rope Push Down,Triceps,42.5,8,,,
2016-01-08,Rope Push Down,Triceps,57.5,8,,,
2016-01-08,Dumbbell Lunge,Legs,40.0,5,,,
2016-01-08,Dumbbell Lunge,Legs,40.0,5,,,
2016-01-08,Rope Push Down,Triceps,65.0,8,,,
2016-01-09,Overhead Press,Shoulders,0.0,5,,,
2016-01-09,Hanging Leg Raise,Abs,0.0,15,,,
2016-01-09,Overhead Press,Shoulders,40.0,5,,,
2016-01-09,Hanging Leg Raise,Abs,0.0,15,,,
2016-01-09,Overhead Press,Shoulders,50.0,5,,,
2016-01-09,Hanging Leg Raise,Abs,0.0,15,,,
2016-01-09,Overhead Press,Shoulders,60.0,4,,,
2016-01-09,Overhead Press,Shoulders,60.0,3,,,
2016-01-09,Overhead Press,Shoulders,50.0,4,,,
2016-01-09,Decline Crunch,Abs,25.0,15,,,
2016-01-09,Overhead Dumbbell Press,Shoulders,30.0,6,,,
2016-01-09,Decline Crunch,Abs,25.0,15,,,
2016-01-09,Overhead Dumbbell Press,Shoulders,40.0,5,,,
2016-01-09,Decline Crunch,Abs,25.0,15,,,
2016-01-09,Overhead Dumbbell Press,Shoulders,45.0,5,,,
2016-01-09,Overhead Dumbbell Press,Shoulders,50.0,3,,,
2016-01-09,Overhead Dumbbell Press,Shoulders,50.0,3,,,
2016-01-09,Side Dip,Abs,45.0,8,,,
2016-01-09,Side Dip,Abs,55.0,8,,,
2016-01-09,Side Dip,Abs,60.0,8,,,
2016-01-12,Deadlift,Back,50.0,5,,,
2016-01-12,Deadlift,Back,0.0,5,,,
2016-01-12,Deadlift,Back,90.0,5,,,
2016-01-12,Deadlift,Back,140.0,5,,,
2016-01-12,Deadlift,Back,180.0,4,,,
2016-01-12,Deadlift,Back,230.0,1,,,
2016-01-12,Barbell Row,Back,40.0,10,,,
2016-01-12,Deadlift,Back,180.0,4,,,
2016-01-12,Barbell Row,Back,60.0,10,,,
2016-01-12,Barbell Row,Back,80.0,10,,,
2016-01-12,Barbell Row,Back,100.0,10,,,
2016-01-12,Pull Up,Back,0.0,8,,,
2016-01-12,Barbell Row,Back,110.0,9,,,
2016-01-12,Pull Up,Back,0.0,7,,,
2016-01-12,Pull Up,Back,0.0,5,,,
2016-01-13,Flat Barbell Bench Press,Chest,0.0,10,,,
2016-01-13,Flat Barbell Bench Press,Chest,50.0,8,,,
2016-01-13,Barbell Curl,Biceps,30.0,5,,,
2016-01-13,Flat Barbell Bench Press,Chest,90.0,5,,,
2016-01-13,Barbell Curl,Biceps,50.0,8,,,
2016-01-13,Flat Barbell Bench Press,Chest,90.0,5,,,
2016-01-13,Barbell Curl,Biceps,60.0,5,,,
2016-01-13,Barbell Curl,Biceps,70.0,5,,,
2016-01-13,Flat Barbell Bench Press,Chest,110.0,4,,,
2016-01-13,Flat Barbell Bench Press,Chest,120.0,2,,,
2016-01-13,Barbell Curl,Biceps,75.0,2,,,
2016-01-13,Barbell Curl,Biceps,75.0,3,,,
2016-01-13,Flat Barbell Bench Press,Chest,120.0,2,,,
2016-01-13,Flat Barbell Bench Press,Chest,90.0,5,,,
2016-01-13,Cable Crossover,Chest,30.0,10,,,
2016-01-13,Dumbbell Hammer Curl,Biceps,80.0,2,,,
2016-01-13,Dumbbell Hammer Curl,Biceps,80.0,2,,,
2016-01-13,Dumbbell Hammer Curl,Biceps,70.0,5,,,
2016-01-13,Dumbbell Hammer Curl,Biceps,70.0,4,,,
2016-01-13,Cable Crossover,Chest,40.0,10,,,
2016-01-13,Cable Crossover,Chest,50.0,10,,,
2016-01-13,Cable Crossover,Chest,60.0,10,,,
2016-01-13,Cable Crossover,Chest,70.0,3,,,
2016-01-13,Cable Crossover,Chest,70.0,2,,,
2016-01-15,Barbell Squat,Legs,0.0,5,,,
2016-01-15,Barbell Squat,Legs,50.0,5,,,
2016-01-15,Barbell Squat,Legs,90.0,5,,,
2016-01-15,Barbell Squat,Legs,140.0,4,,,
2016-01-15,Barbell Squat,Legs,140.0,3,,,
2016-01-15,Barbell Squat,Legs,140.0,2,,,
2016-01-15,Barbell Squat,Legs,90.0,5,,,
2016-01-15,Close Grip Barbell Bench Press,Triceps,0.0,10,,,
2016-01-15,Close Grip Barbell Bench Press,Triceps,50.0,10,,,
2016-01-15,Close Grip Barbell Bench Press,Triceps,70.0,7,,,
2016-01-15,Close Grip Barbell Bench Press,Triceps,90.0,5,,,
2016-01-15,Close Grip Barbell Bench Press,Triceps,100.0,2,,,
2016-01-15,Close Grip Barbell Bench Press,Triceps,100.0,3,,,
2016-01-15,Close Grip Barbell Bench Press,Triceps,100.0,2,,,
2016-01-15,Dumbbell Lunge,Legs,40.0,5,,,
2016-01-15,Dumbbell Lunge,Legs,60.0,5,,,
2016-01-15,Dumbbell Lunge,Legs,80.0,5,,,
2016-01-15,Rope Push Down,Triceps,35.0,8,,,
2016-01-15,Rope Push Down,Triceps,50.0,8,,,
2016-01-15,Rope Push Down,Triceps,65.0,7,,,
2016-01-18,Deadlift,Back,50.0,5,,,
2016-01-18,Deadlift,Back,100.0,5,,,
2016-01-18,Deadlift,Back,140.0,5,,,
2016-01-18,Deadlift,Back,190.0,5,,,
2016-01-18,Deadlift,Back,210.0,4,,,
2016-01-18,Deadlift,Back,210.0,3,,,
2016-01-18,Deadlift,Back,180.0,3,,,
2016-01-18,Barbell Row,Back,0.0,10,,,
2016-01-18,Barbell Row,Back,40.0,7,,,
2016-01-18,Barbell Row,Back,70.0,7,,,
2016-01-18,Barbell Row,Back,90.0,6,,,
2016-01-18,Pull Up,Back,0.0,8,,,
2016-01-18,Barbell Row,Back,90.0,4,,,
2016-01-18,Pull Up,Back,0.0,7,,,
2016-01-18,Barbell Row,Back,90.0,3,,,
2016-01-20,Barbell Curl,Biceps,30.0,7,,,
2016-01-20,Flat Barbell Bench Press,Chest,50.0,10,,,
2016-01-20,Barbell Curl,Biceps,50.0,7,,,
2016-01-20,Flat Barbell Bench Press,Chest,90.0,7,,,
2016-01-20,Barbell Curl,Biceps,60.0,6,,,
2016-01-20,Flat Barbell Bench Press,Chest,100.0,5,,,
2016-01-20,Barbell Curl,Biceps,70.0,5,,,
2016-01-20,Flat Barbell Bench Press,Chest,110.0,4,,,
2016-01-20,Flat Barbell Bench Press,Chest,110.0,4,,,
2016-01-20,Barbell Curl,Biceps,75.0,4,,,
2016-01-20,Flat Barbell Bench Press,Chest,100.0,3,,,
2016-01-20,Barbell Curl,Biceps,80.0,1,,,
2016-01-20,Flat Barbell Bench Press,Chest,110.0,1,,,
2016-01-20,Dumbbell Hammer Curl,Biceps,70.0,3,,,
2016-01-20,Cable Crossover,Chest,35.0,10,,,
2016-01-20,Dumbbell Hammer Curl,Biceps,70.0,5,,,
2016-01-20,Cable Crossover,Chest,50.0,10,,,
2016-01-20,Dumbbell Hammer Curl,Biceps,70.0,3,,,
2016-01-20,Cable Crossover,Chest,60.0,8,,,
2016-01-20,Dumbbell Hammer Curl,Biceps,60.0,5,,,
2016-01-20,Cable Crossover,Chest,70.0,4,,,
2016-01-20,Dumbbell Hammer Curl,Biceps,60.0,4,,,
2016-01-22,Goblet Squat,Legs,8.0,10,,,
2016-01-22,Barbell Squat,Legs,0.0,5,,,
2016-01-22,Barbell Squat,Legs,50.0,5,,,
2016-01-22,Barbell Squat,Legs,90.0,5,,,
2016-01-22,Close Grip Barbell Bench Press,Triceps,0.0,10,,,
2016-01-22,Barbell Squat,Legs,140.0,4,,,
2016-01-22,Rope Push Down,Triceps,35.0,8,,,
2016-01-22,Barbell Squat,Legs,140.0,4,,,
2016-01-22,Rope Push Down,Triceps,50.0,8,,,
2016-01-22,Barbell Squat,Legs,140.0,3,,,
2016-01-22,Rope Push Down,Triceps,65.0,8,,,
2016-01-22,Barbell Squat,Legs,90.0,5,,,
2016-01-22,Rope Push Down,Triceps,72.5,5,,,
2016-01-22,Dumbbell Lunge,Legs,60.0,5,,,
2016-01-22,Dumbbell Lunge,Legs,80.0,5,,,
2016-01-22,Close Grip Barbell Bench Press,Triceps,50.0,8,,,
2016-01-22,Dumbbell Lunge,Legs,100.0,5,,,
2016-01-22,Close Grip Barbell Bench Press,Triceps,90.0,5,,,
2016-01-23,Hanging Leg Raise,Abs,0.0,15,,,
2016-01-23,Hanging Leg Raise,Abs,0.0,15,,,
2016-01-23,Hanging Leg Raise,Abs,0.0,15,,,
2016-01-23,Overhead Press,Shoulders,0.0,5,,,
2016-01-23,Side Dip,Abs,20.0,8,,,
2016-01-23,Overhead Press,Shoulders,40.0,5,,,
2016-01-23,Side Dip,Abs,30.0,8,,,
2016-01-23,Overhead Press,Shoulders,50.0,6,,,
2016-01-23,Overhead Press,Shoulders,70.0,2,,,
2016-01-23,Side Dip,Abs,40.0,8,,,
2016-01-23,Side Dip,Abs,50.0,8,,,
2016-01-23,Overhead Press,Shoulders,70.0,3,,,
2016-01-23,Side Dip,Abs,60.0,5,,,
2016-01-23,Overhead Press,Shoulders,70.0,2,,,
2016-01-23,Decline Crunch,Abs,25.0,15,,,
2016-01-23,Overhead Dumbbell Press,Shoulders,25.0,8,,,
2016-01-23,Decline Crunch,Abs,25.0,15,,,
2016-01-23,Overhead Dumbbell Press,Shoulders,30.0,5,,,
2016-01-23,Decline Crunch,Abs,25.0,15,,,
2016-01-23,Overhead Dumbbell Press,Shoulders,35.0,5,,,
2016-01-23,Overhead Dumbbell Press,Shoulders,40.0,5,,,
2016-01-23,Overhead Dumbbell Press,Shoulders,45.0,5,,,
2016-01-23,Overhead Dumbbell Press,Shoulders,50.0,3,,,
2016-01-25,Deadlift,Back,30.0,5,,,
2016-01-25,Deadlift,Back,90.0,5,,,
2016-01-25,Deadlift,Back,140.0,5,,,
2016-01-25,Deadlift,Back,180.0,4,,,
2016-01-25,Deadlift,Back,230.0,1,,,
2016-01-25,Deadlift,Back,200.0,1,,,
2016-01-25,Pull Up,Back,0.0,8,,,
2016-01-25,Deadlift,Back,90.0,4,,,
2016-01-25,Barbell Row,Back,30.0,10,,,
2016-01-25,Barbell Row,Back,50.0,10,,,
2016-01-25,Barbell Row,Back,0.0,10,,,
2016-01-25,Barbell Row,Back,70.0,10,,,
2016-01-25,Barbell Row,Back,90.0,10,,,
2016-01-25,Barbell Row,Back,100.0,10,,,
2016-01-27,Flat Barbell Bench Press,Chest,0.0,10,,,
2016-01-27,Flat Barbell Bench Press,Chest,50.0,10,,,
2016-01-27,Flat Barbell Bench Press,Chest,90.0,7,,,
2016-01-27,Barbell Curl,Biceps,40.0,8,,,
2016-01-27,Flat Barbell Bench Press,Chest,110.0,5,,,
2016-01-27,Flat Barbell Bench Press,Chest,110.0,3,,,
2016-01-27,Barbell Curl,Biceps,50.0,7,,,
2016-01-27,Flat Barbell Bench Press,Chest,130.0,2,,,
2016-01-27,Barbell Curl,Biceps,55.0,7,,,
2016-01-27,Cable Crossover,Chest,40.0,8,,,
2016-01-27,Barbell Curl,Biceps,65.0,5,,,
2016-01-27,Cable Crossover,Chest,50.0,8,,,
2016-01-27,Barbell Curl,Biceps,75.0,3,,,
2016-01-27,Cable Crossover,Chest,60.0,8,,,
2016-01-27,Barbell Curl,Biceps,75.0,3,,,
2016-01-27,Cable Crossover,Chest,70.0,5,,,
2016-01-27,Dumbbell Hammer Curl,Biceps,80.0,1,,,
2016-01-27,Cable Crossover,Chest,70.0,5,,,
2016-01-27,Dumbbell Hammer Curl,Biceps,70.0,3,,,
2016-01-27,Dumbbell Hammer Curl,Biceps,70.0,5,,,
2016-01-27,Dumbbell Hammer Curl,Biceps,80.0,3,,,
2016-01-27,Dumbbell Hammer Curl,Biceps,80.0,2,,,
2016-01-27,Dumbbell Hammer Curl,Biceps,70.0,5,,,
2016-01-29,Barbell Squat,Legs,0.0,5,,,
2016-01-29,Barbell Squat,Legs,50.0,5,,,
2016-01-29,Barbell Squat,Legs,90.0,5,,,
2016-01-29,Barbell Squat,Legs,140.0,5,,,
2016-01-29,Close Grip Barbell Bench Press,Triceps,20.0,10,,,
2016-01-29,Barbell Squat,Legs,160.0,3,,,
2016-01-29,Close Grip Barbell Bench Press,Triceps,50.0,10,,,
2016-01-29,Barbell Squat,Legs,180.0,1,,,
2016-01-29,Close Grip Barbell Bench Press,Triceps,90.0,5,,,
2016-01-29,Dumbbell Lunge,Legs,60.0,5,,,
2016-01-29,Dumbbell Lunge,Legs,80.0,5,,,
2016-01-29,Close Grip Barbell Bench Press,Triceps,100.0,5,,,
2016-01-29,Close Grip Barbell Bench Press,Triceps,105.0,3,,,
2016-01-29,Dumbbell Lunge,Legs,100.0,5,,,
2016-01-29,Close Grip Barbell Bench Press,Triceps,105.0,3,,,
2016-01-29,EZ-Bar Skullcrusher,Triceps,55.0,10,,,
2016-01-29,EZ-Bar Skullcrusher,Triceps,65.0,10,,,
2016-01-30,Decline Crunch,Abs,25.0,15,,,
2016-01-30,Overhead Dumbbell Press,Shoulders,25.0,8,,,
2016-01-30,Decline Crunch,Abs,25.0,15,,,
2016-01-30,Overhead Dumbbell Press,Shoulders,30.0,8,,,
2016-01-30,Overhead Dumbbell Press,Shoulders,35.0,8,,,
2016-01-30,Decline Crunch,Abs,25.0,15,,,
2016-01-30,Hanging Leg Raise,Abs,0.0,15,,,
2016-01-30,Overhead Dumbbell Press,Shoulders,45.0,6,,,
2016-01-30,Hanging Leg Raise,Abs,0.0,15,,,
2016-01-30,Overhead Dumbbell Press,Shoulders,55.0,2,,,
2016-01-30,Side Dip,Abs,45.0,8,,,
2016-01-30,Side Dip,Abs,50.0,8,,,
2016-01-30,Overhead Press,Shoulders,0.0,10,,,
2016-01-30,Overhead Press,Shoulders,50.0,6,,,
2016-01-30,Hanging Leg Raise,Abs,0.0,15,,,
2016-01-30,Side Dip,Abs,60.0,8,,,
2016-01-30,Overhead Press,Shoulders,70.0,2,,,
2016-01-30,Overhead Press,Shoulders,50.0,3,,,
2016-02-01,Deadlift,Back,0.0,7,,,
2016-02-01,Deadlift,Back,50.0,5,,,
2016-02-01,Deadlift,Back,90.0,5,,,
2016-02-01,Deadlift,Back,140.0,5,,,
2016-02-01,Deadlift,Back,180.0,3,,,
2016-02-01,Deadlift,Back,230.0,2,,,
2016-02-01,Deadlift,Back,180.0,1,,,
2016-02-01,Barbell Row,Back,0.0,10,,,
2016-02-01,Barbell Row,Back,40.0,10,,,
2016-02-01,Barbell Row,Back,70.0,10,,,
2016-02-01,Barbell Row,Back,90.0,6,,,
2016-02-01,Barbell Row,Back,110.0,2,,,
2016-02-01,Pull Up,Back,0.0,8,,,
2016-02-01,Pull Up,Back,0.0,5,,,
2016-02-03,Flat Barbell Bench Press,Chest,40.0,10,,,
2016-02-03,Barbell Curl,Biceps,30.0,10,,,
2016-02-03,Flat Barbell Bench Press,Chest,50.0,10,,,
2016-02-03,Barbell Curl,Biceps,40.0,10,,,
2016-02-03,Flat Barbell Bench Press,Chest,90.0,6,,,
2016-02-03,Flat Barbell Bench Press,Chest,110.0,5,,,
2016-02-03,Barbell Curl,Biceps,50.0,5,,,
2016-02-03,Barbell Curl,Biceps,60.0,5,,,
2016-02-03,Flat Barbell Bench Press,Chest,130.0,3,,,
2016-02-03,Flat Barbell Bench Press,Chest,140.0,1,,,
2016-02-03,Barbell Curl,Biceps,70.0,5,,,
2016-02-03,Barbell Curl,Biceps,80.0,3,,,
2016-02-03,Dumbbell Hammer Curl,Biceps,80.0,4,,,
2016-02-03,Dumbbell Hammer Curl,Biceps,80.0,3,,,
2016-02-03,Dumbbell Hammer Curl,Biceps,70.0,5,,,
2016-02-03,Dumbbell Hammer Curl,Biceps,70.0,5,,,
2016-02-03,Dumbbell Hammer Curl,Biceps,60.0,5,,,
2016-02-03,Cable Crossover,Chest,20.0,10,,,
2016-02-03,Cable Crossover,Chest,30.0,8,,,
2016-02-03,Cable Crossover,Chest,35.0,4,,,
2016-02-07,Barbell Squat,Legs,0.0,5,,,
2016-02-07,Barbell Squat,Legs,50.0,5,,,
2016-02-07,Barbell Squat,Legs,90.0,5,,,
2016-02-07,Barbell Squat,Legs,140.0,5,,,
2016-02-07,Barbell Squat,Legs,180.0,2,,,
2016-02-07,Barbell Squat,Legs,180.0,1,,,
2016-02-07,Barbell Squat,Legs,90.0,5,,,
2016-02-07,Close Grip Barbell Bench Press,Triceps,0.0,10,,,
2016-02-07,Close Grip Barbell Bench Press,Triceps,50.0,10,,,
2016-02-07,Close Grip Barbell Bench Press,Triceps,70.0,10,,,
2016-02-07,Close Grip Barbell Bench Press,Triceps,90.0,5,,,
2016-02-07,Close Grip Barbell Bench Press,Triceps,110.0,2,,,
2016-02-07,Close Grip Barbell Bench Press,Triceps,110.0,3,,,
2016-02-07,Close Grip Barbell Bench Press,Triceps,110.0,2,,,
2016-02-07,Barbell Squat,Legs,90.0,5,,,
2016-02-07,EZ-Bar Skullcrusher,Triceps,35.0,10,,,
2016-02-07,Barbell Squat,Legs,140.0,3,,,
2016-02-07,EZ-Bar Skullcrusher,Triceps,45.0,10,,,
2016-02-07,EZ-Bar Skullcrusher,Triceps,55.0,8,,,
2016-02-07,EZ-Bar Skullcrusher,Triceps,65.0,8,,,
2016-02-07,EZ-Bar Skullcrusher,Triceps,75.0,8,,,
2016-02-08,Deadlift,Back,50.0,5,,,
2016-02-08,Deadlift,Back,90.0,5,,,
2016-02-08,Deadlift,Back,140.0,5,,,
2016-02-08,Deadlift,Back,180.0,3,,,
2016-02-08,Deadlift,Back,230.0,3,,,
2016-02-08,Deadlift,Back,180.0,5,,,
2016-02-08,Barbell Row,Back,0.0,5,,,
2016-02-08,Barbell Row,Back,50.0,10,,,
2016-02-08,Pull Up,Back,0.0,5,,,
2016-02-08,Barbell Row,Back,70.0,6,,,
2016-02-08,Barbell Row,Back,90.0,5,,,
2016-02-08,Barbell Row,Back,110.0,2,,,
2016-02-08,Pull Up,Back,0.0,7,,,
2016-02-08,Pull Up,Back,0.0,5,,,
2016-02-10,Flat Barbell Bench Press,Chest,0.0,10,,,
2016-02-10,Flat Barbell Bench Press,Chest,50.0,6,,,
2016-02-10,Flat Barbell Bench Press,Chest,90.0,6,,,
2016-02-10,Flat Barbell Bench Press,Chest,110.0,5,,,
2016-02-10,Barbell Curl,Biceps,30.0,10,,,
2016-02-10,Flat Barbell Bench Press,Chest,130.0,3,,,
2016-02-10,Barbell Curl,Biceps,40.0,6,,,
2016-02-10,Flat Barbell Bench Press,Chest,140.0,1,,,
2016-02-10,Barbell Curl,Biceps,50.0,6,,,
2016-02-10,Flat Barbell Bench Press,Chest,90.0,5,,,
2016-02-10,Barbell Curl,Biceps,60.0,5,,,
2016-02-10,Cable Crossover,Chest,40.0,10,,,
2016-02-10,Barbell Curl,Biceps,70.0,5,,,
2016-02-10,Cable Crossover,Chest,50.0,10,,,
2016-02-10,Barbell Curl,Biceps,80.0,3,,,
2016-02-10,Cable Crossover,Chest,60.0,10,,,
2016-02-10,Dumbbell Hammer Curl,Biceps,80.0,2,,,
2016-02-10,Dumbbell Hammer Curl,Biceps,70.0,5,,,
2016-02-10,Dumbbell Hammer Curl,Biceps,70.0,5,,,
2016-02-10,Dumbbell Hammer Curl,Biceps,70.0,5,,,
2016-02-10,Dumbbell Hammer Curl,Biceps,70.0,5,,,
2016-02-12,Barbell Squat,Legs,0.0,5,,,
2016-02-12,Barbell Squat,Legs,50.0,6,,,
2016-02-12,Barbell Squat,Legs,90.0,5,,,
2016-02-12,Barbell Squat,Legs,140.0,5,,,
2016-02-12,Close Grip Barbell Bench Press,Triceps,0.0,10,,,
2016-02-12,Barbell Squat,Legs,180.0,1,,,
2016-02-12,Barbell Squat,Legs,90.0,5,,,
2016-02-12,Close Grip Barbell Bench Press,Triceps,50.0,6,,,
2016-02-12,Close Grip Barbell Bench Press,Triceps,70.0,6,,,
2016-02-12,Goblet Squat,Legs,35.0,10,,,
2016-02-12,Close Grip Barbell Bench Press,Triceps,90.0,5,,,
2016-02-12,Goblet Squat,Legs,35.0,10,,,
2016-02-12,Close Grip Barbell Bench Press,Triceps,110.0,2,,,
2016-02-12,Goblet Squat,Legs,35.0,10,,,
2016-02-12,Close Grip Barbell Bench Press,Triceps,110.0,3,,,
2016-02-12,Barbell Squat,Legs,50.0,5,,,
2016-02-12,Close Grip Barbell Bench Press,Triceps,110.0,2,,,
2016-02-12,EZ-Bar Skullcrusher,Triceps,35.0,8,,,
2016-02-12,Leg Press,Legs,0.0,10,,,
2016-02-12,Leg Press,Legs,90.0,10,,,
2016-02-12,Leg Press,Legs,180.0,10,,,
2016-02-12,EZ-Bar Skullcrusher,Triceps,45.0,8,,,
2016-02-12,EZ-Bar Skullcrusher,Triceps,55.0,8,,,
2016-02-12,EZ-Bar Skullcrusher,Triceps,65.0,8,,,
2016-02-12,EZ-Bar Skullcrusher,Triceps,75.0,7,,,
2016-02-22,Deadlift,Back,0.0,5,,,
2016-02-22,Deadlift,Back,20.0,5,,,
2016-02-22,Deadlift,Back,90.0,5,,,
2016-02-22,Deadlift,Back,140.0,5,,,
2016-02-22,Deadlift,Back,180.0,5,,,
2016-02-22,Deadlift,Back,230.0,1,,,
2016-02-22,Deadlift,Back,180.0,2,,,
2016-02-22,Barbell Row,Back,0.0,5,,,
2016-02-22,Barbell Row,Back,40.0,10,,,
2016-02-22,Barbell Row,Back,50.0,7,,,
2016-02-22,Barbell Row,Back,70.0,7,,,
2016-02-22,Barbell Row,Back,90.0,8,,,
2016-02-22,Pull Up,Back,0.0,7,,,
2016-02-22,Pull Up,Back,0.0,5,,,
2016-02-22,Pull Up,Back,0.0,5,,,
2016-02-24,Flat Barbell Bench Press,Chest,0.0,10,,,
2016-02-24,Flat Barbell Bench Press,Chest,50.0,10,,,
2016-02-24,Flat Barbell Bench Press,Chest,50.0,10,,,
2016-02-24,Flat Barbell Bench Press,Chest,90.0,5,,,
2016-02-24,Flat Barbell Bench Press,Chest,110.0,5,,,
2016-02-24,Barbell Curl,Biceps,40.0,8,,,
2016-02-24,Cable Crossover,Chest,40.0,8,,,
2016-02-24,Cable Crossover,Chest,40.0,8,,,
2016-02-24,Barbell Curl,Biceps,50.0,8,,,
2016-02-24,Barbell Curl,Biceps,60.0,6,,,
2016-02-24,Cable Crossover,Chest,50.0,8,,,
2016-02-24,Barbell Curl,Biceps,70.0,5,,,
2016-02-24,Cable Crossover,Chest,60.0,10,,,
2016-02-24,Barbell Curl,Biceps,75.0,4,,,
2016-02-24,Cable Crossover,Chest,70.0,4,,,
2016-02-24,Barbell Curl,Biceps,80.0,1,,,
2016-02-24,Cable Crossover,Chest,70.0,5,,,
2016-02-24,Dumbbell Hammer Curl,Biceps,80.0,2,,,
2016-02-24,Dumbbell Hammer Curl,Biceps,70.0,5,,,
2016-02-24,Dumbbell Hammer Curl,Biceps,70.0,3,,,
2016-02-24,Dumbbell Hammer Curl,Biceps,60.0,5,,,
2016-02-24,Dumbbell Hammer Curl,Biceps,60.0,5,,,
2016-02-26,Barbell Squat,Legs,0.0,5,,,
2016-02-26,Barbell Squat,Legs,50.0,5,,,
2016-02-26,Barbell Squat,Legs,90.0,5,,,
2016-02-26,Barbell Squat,Legs,140.0,5,,,
2016-02-26,Barbell Squat,Legs,180.0,4,,,
2016-02-26,Barbell Squat,Legs,200.0,1,,,
2016-02-26,EZ-Bar Skullcrusher,Triceps,35.0,10,,,
2016-02-26,EZ-Bar Skullcrusher,Triceps,45.0,10,,,
2016-02-26,EZ-Bar Skullcrusher,Triceps,55.0,10,,,
2016-02-26,EZ-Bar Skullcrusher,Triceps,65.0,8,,,
2016-02-26,EZ-Bar Skullcrusher,Triceps,75.0,5,,,
2016-02-26,EZ-Bar Skullcrusher,Triceps,85.0,3,,,
2016-02-26,Close Grip Barbell Bench Press,Triceps,70.0,5,,,
2016-02-26,Close Grip Barbell Bench Press,Triceps,90.0,5,,,
2016-02-26,Close Grip Barbell Bench Press,Triceps,110.0,1,,,
2016-02-28,Overhead Dumbbell Press,Shoulders,20.0,8,,,
2016-02-28,Overhead Dumbbell Press,Shoulders,22.5,8,,,
2016-02-28,Overhead Dumbbell Press,Shoulders,30.0,8,,,
2016-02-28,Overhead Dumbbell Press,Shoulders,35.0,8,,,
2016-02-28,Overhead Dumbbell Press,Shoulders,40.0,8,,,
2016-02-28,Overhead Dumbbell Press,Shoulders,45.0,7,,,
2016-02-28,Overhead Dumbbell Press,Shoulders,50.0,3,,,
2016-02-28,Overhead Press,Shoulders,0.0,5,,,
2016-02-28,Overhead Press,Shoulders,50.0,5,,,
2016-02-28,Overhead Press,Shoulders,50.0,4,,,
2016-02-28,Overhead Press,Shoulders,50.0,4,,,
2016-02-28,Overhead Press,Shoulders,50.0,3,,,
2016-02-28,Side Dip,Abs,35.0,8,,,
2016-02-28,Side Dip,Abs,40.0,8,,,
2016-02-28,Side Dip,Abs,55.0,8,,,
2016-02-28,Side Dip,Abs,60.0,8,,,
2016-02-28,Decline Crunch,Abs,0.0,20,,,
2016-02-28,Decline Crunch,Abs,0.0,15,,,
2016-02-29,Deadlift,Back,0.0,5,,,
2016-02-29,Deadlift,Back,20.0,5,,,
2016-02-29,Deadlift,Back,70.0,5,,,
2016-02-29,Deadlift,Back,110.0,5,,,
2016-02-29,Deadlift,Back,160.0,5,,,
2016-02-29,Deadlift,Back,200.0,4,,,
2016-02-29,Deadlift,Back,220.0,1,,,
2016-02-29,Deadlift,Back,220.0,1,,,
2016-02-29,Deadlift,Back,200.0,1,,,
2016-02-29,Barbell Row,Back,0.0,5,,,
2016-02-29,Barbell Row,Back,20.0,10,,,
2016-02-29,Barbell Row,Back,50.0,7,,,
2016-02-29,Barbell Row,Back,70.0,7,,,
2016-02-29,Barbell Row,Back,90.0,7,,,
2016-02-29,Barbell Row,Back,90.0,6,,,
2016-02-29,Barbell Row,Back,100.0,4,,,
2016-02-29,Pull Up,Back,0.0,6,,,
2016-02-29,Pull Up,Back,0.0,6,,,
2016-02-29,Pull Up,Back,0.0,4,,,
2016-03-02,Flat Barbell Bench Press,Chest,0.0,7,,,
2016-03-02,Flat Barbell Bench Press,Chest,70.0,8,,,
2016-03-02,Barbell Curl,Biceps,35.0,8,,,
2016-03-02,Flat Barbell Bench Press,Chest,70.0,9,,,
2016-03-02,Barbell Curl,Biceps,40.0,7,,,
2016-03-02,Flat Barbell Bench Press,Chest,90.0,6,,,
2016-03-02,Barbell Curl,Biceps,50.0,6,,,
2016-03-02,Flat Barbell Bench Press,Chest,110.0,6,,,
2016-03-02,Barbell Curl,Biceps,60.0,6,,,
2016-03-02,Flat Barbell Bench Press,Chest,120.0,2,,,
2016-03-02,Barbell Curl,Biceps,70.0,5,,,
2016-03-02,Flat Barbell Bench Press,Chest,120.0,1,,,
2016-03-02,Barbell Curl,Biceps,80.0,3,,,
2016-03-02,Incline Dumbbell Bench Press,Chest,0.0,10,,,
2016-03-02,Incline Dumbbell Bench Press,Chest,70.0,3,,,
2016-03-02,Dumbbell Hammer Curl,Biceps,50.0,5,,,
2016-03-02,Incline Dumbbell Bench Press,Chest,70.0,8,,,
2016-03-02,Dumbbell Hammer Curl,Biceps,80.0,3,,,
2016-03-02,Incline Dumbbell Bench Press,Chest,90.0,5,,,
2016-03-02,Cable Crossover,Chest,12.0,10,,,
2016-03-02,Dumbbell Hammer Curl,Biceps,70.0,5,,,
2016-03-02,Cable Crossover,Chest,27.5,8,,,
2016-03-02,Cable Crossover,Chest,31.25,8,,,
2016-03-02,Dumbbell Hammer Curl,Biceps,70.0,3,,,
2016-03-02,Cable Crossover,Chest,35.0,6,,,
2016-03-02,Dumbbell Hammer Curl,Biceps,70.0,3,,,
2016-03-02,Cable Crossover,Chest,35.0,5,,,
2016-03-04,Close Grip Barbell Bench Press,Triceps,0.0,10,,,
2016-03-04,Close Grip Barbell Bench Press,Triceps,40.0,10,,,
2016-03-04,Close Grip Barbell Bench Press,Triceps,50.0,7,,,
2016-03-04,Close Grip Barbell Bench Press,Triceps,90.0,5,,,
2016-03-04,Close Grip Barbell Bench Press,Triceps,100.0,4,,,
2016-03-04,Close Grip Barbell Bench Press,Triceps,110.0,4,,,
2016-03-04,Close Grip Barbell Bench Press,Triceps,110.0,1,,,
2016-03-04,Barbell Squat,Legs,0.0,5,,,
2016-03-04,Barbell Squat,Legs,50.0,5,,,
2016-03-04,Barbell Squat,Legs,90.0,5,,,
2016-03-04,Barbell Squat,Legs,140.0,5,,,
2016-03-04,Barbell Squat,Legs,140.0,4,,,
2016-03-04,Barbell Squat,Legs,90.0,5,,,
2016-03-04,EZ-Bar Skullcrusher,Triceps,35.0,8,,,
2016-03-04,EZ-Bar Skullcrusher,Triceps,50.0,8,,,
2016-03-04,EZ-Bar Skullcrusher,Triceps,65.0,8,,,
2016-03-04,EZ-Bar Skullcrusher,Triceps,75.0,5,,,
2016-03-07,Deadlift,Back,0.0,8,,,
2016-03-07,Deadlift,Back,90.0,5,,,
2016-03-07,Deadlift,Back,140.0,5,,,
2016-03-07,Deadlift,Back,180.0,5,,,
2016-03-07,Deadlift,Back,230.0,1,,,
2016-03-07,Deadlift,Back,180.0,3,,,
2016-03-07,Barbell Row,Back,0.0,10,,,
2016-03-07,Barbell Row,Back,40.0,10,,,
2016-03-07,Barbell Row,Back,50.0,10,,,
2016-03-07,Barbell Row,Back,70.0,10,,,
2016-03-07,Barbell Row,Back,90.0,8,,,
2016-03-07,Barbell Row,Back,110.0,5,,,
2016-03-07,Barbell Row,Back,120.0,3,,,
2016-03-07,Pull Up,Back,0.0,6,,,
2016-03-07,Pull Up,Back,0.0,7,,,
2016-03-07,Pull Up,Back,0.0,5,,,
2016-03-10,Flat Barbell Bench Press,Chest,0.0,5,,,
2016-03-10,Flat Barbell Bench Press,Chest,50.0,5,,,
2016-03-10,Flat Barbell Bench Press,Chest,90.0,6,,,
2016-03-10,Barbell Curl,Biceps,30.0,8,,,
2016-03-10,Flat Barbell Bench Press,Chest,110.0,4,,,
2016-03-10,Barbell Curl,Biceps,40.0,8,,,
2016-03-10,Flat Barbell Bench Press,Chest,130.0,2,,,
2016-03-10,Barbell Curl,Biceps,55.0,6,,,
2016-03-10,Flat Barbell Bench Press,Chest,130.0,2,,,
2016-03-10,Barbell Curl,Biceps,65.0,5,,,
2016-03-10,Flat Barbell Bench Press,Chest,130.0,2,,,
2016-03-10,Barbell Curl,Biceps,75.0,5,,,
2016-03-10,Flat Barbell Bench Press,Chest,90.0,12,,,
2016-03-10,Barbell Curl,Biceps,80.0,2,,,
2016-03-10,Seated Machine Fly,Chest,90.0,8,,,
2016-03-10,Seated Machine Fly,Chest,120.0,8,,,
2016-03-10,Seated Machine Fly,Chest,160.0,8,,,
2016-03-10,Seated Machine Fly,Chest,180.0,8,,,
2016-03-10,Seated Machine Fly,Chest,200.0,3,,,
2016-03-10,Dumbbell Hammer Curl,Biceps,70.0,5,,,
2016-03-10,Dumbbell Hammer Curl,Biceps,80.0,2,,,
2016-03-10,Dumbbell Hammer Curl,Biceps,70.0,3,,,
2016-03-10,Dumbbell Hammer Curl,Biceps,70.0,5,,,
2016-03-13,Overhead Press,Shoulders,0.0,11,,,
2016-03-13,Overhead Press,Shoulders,40.0,7,,,
2016-03-13,Overhead Press,Shoulders,50.0,6,,,
2016-03-13,Overhead Press,Shoulders,60.0,4,,,
2016-03-13,Overhead Press,Shoulders,70.0,1,,,
2016-03-13,Overhead Press,Shoulders,50.0,3,,,
2016-03-13,Hanging Leg Raise,Abs,0.0,15,,,
2016-03-13,Overhead Dumbbell Press,Shoulders,25.0,8,,,
2016-03-13,Hanging Leg Raise,Abs,0.0,15,,,
2016-03-13,Overhead Dumbbell Press,Shoulders,35.0,8,,,
2016-03-13,Hanging Leg Raise,Abs,0.0,15,,,
2016-03-13,Overhead Dumbbell Press,Shoulders,45.0,7,,,
2016-03-13,Overhead Dumbbell Press,Shoulders,55.0,2,,,
2016-03-13,Overhead Dumbbell Press,Shoulders,55.0,1,,,
2016-03-13,Swinging Leg Raise,Shoulders,0.0,9,,,
2016-03-13,Swinging Leg Raise,Shoulders,0.0,8,,,
2016-03-13,Swinging Leg Raise,Shoulders,0.0,6,,,
2016-03-13,Side Dip,Abs,30.0,8,,,
2016-03-13,Side Dip,Abs,40.0,8,,,
2016-03-13,Side Dip,Abs,50.0,8,,,
2016-03-13,Side Dip,Abs,60.0,8,,,
2016-03-14,Deadlift,Back,20.0,5,,,
2016-03-14,Deadlift,Back,50.0,5,,,
2016-03-14,Deadlift,Back,90.0,5,,,
2016-03-14,Deadlift,Back,140.0,5,,,
2016-03-14,Deadlift,Back,180.0,3,,,
2016-03-14,Deadlift,Back,200.0,2,,,
2016-03-14,Deadlift,Back,200.0,2,,,
2016-03-14,Barbell Row,Back,0.0,12,,,
2016-03-14,Barbell Row,Back,40.0,8,,,
2016-03-14,Barbell Row,Back,50.0,8,,,
2016-03-14,Barbell Row,Back,70.0,8,,,
2016-03-14,Barbell Row,Back,90.0,8,,,
2016-03-14,Barbell Row,Back,110.0,7,,,
2016-03-14,Barbell Row,Back,130.0,2,,,
2016-03-14,Pull Up,Back,0.0,6,,,
2016-03-14,Pull Up,Back,0.0,5,,,
2016-03-14,Pull Up,Back,0.0,5,,,
2016-03-16,Flat Barbell Bench Press,Chest,0.0,10,,,
2016-03-16,Flat Barbell Bench Press,Chest,50.0,7,,,
2016-03-16,Barbell Curl,Biceps,30.0,5,,,
2016-03-16,Flat Barbell Bench Press,Chest,90.0,6,,,
2016-03-16,Barbell Curl,Biceps,40.0,7,,,
2016-03-16,Flat Barbell Bench Press,Chest,110.0,3,,,
2016-03-16,Barbell Curl,Biceps,50.0,6,,,
2016-03-16,Flat Barbell Bench Press,Chest,130.0,3,,,
2016-03-16,Barbell Curl,Biceps,60.0,6,,,
2016-03-16,Flat Barbell Bench Press,Chest,140.0,2,,,
2016-03-16,Barbell Curl,Biceps,70.0,5,,,
2016-03-16,Flat Barbell Bench Press,Chest,140.0,1,,,
2016-03-16,Barbell Curl,Biceps,80.0,3,,,
2016-03-16,Flat Barbell Bench Press,Chest,90.0,5,,,
2016-03-16,Barbell Curl,Biceps,85.0,2,,,
2016-03-16,Seated Machine Fly,Chest,80.0,10,,,
2016-03-16,Seated Machine Fly,Chest,120.0,10,,,
2016-03-16,Seated Machine Fly,Chest,160.0,10,,,
2016-03-16,Seated Machine Fly,Chest,180.0,8,,,
2016-03-16,Dumbbell Hammer Curl,Biceps,80.0,2,,,
2016-03-16,Seated Machine Fly,Chest,180.0,5,,,
2016-03-16,Dumbbell Hammer Curl,Biceps,70.0,5,,,
2016-03-16,Dumbbell Hammer Curl,Biceps,60.0,5,,,
2016-03-16,Dumbbell Hammer Curl,Biceps,60.0,5,,,
2016-03-16,Dumbbell Hammer Curl,Biceps,60.0,4,,,
2016-03-18,Barbell Squat,Legs,0.0,5,,,
2016-03-18,Barbell Squat,Legs,50.0,5,,,
2016-03-18,Barbell Squat,Legs,90.0,5,,,
2016-03-18,Barbell Squat,Legs,140.0,5,,,
2016-03-18,Barbell Squat,Legs,180.0,3,,,
2016-03-18,Barbell Squat,Legs,90.0,5,,,
2016-03-18,Barbell Squat,Legs,140.0,3,,,
2016-03-18,Trap Bar Deadlift,Legs,50.0,5,,,
2016-03-18,Trap Bar Deadlift,Legs,90.0,5,,,
2016-03-18,Trap Bar Deadlift,Legs,140.0,5,,,
2016-03-18,Trap Bar Deadlift,Legs,190.0,3,,,
2016-03-18,Trap Bar Deadlift,Legs,190.0,1,,,
2016-03-18,Close Grip Barbell Bench Press,Triceps,0.0,10,,,
2016-03-18,Close Grip Barbell Bench Press,Triceps,50.0,8,,,
2016-03-18,Close Grip Barbell Bench Press,Triceps,90.0,5,,,
2016-03-18,Close Grip Barbell Bench Press,Triceps,110.0,2,,,
2016-03-18,Close Grip Barbell Bench Press,Triceps,90.0,5,,,
2016-03-20,Overhead Press,Shoulders,0.0,8,,,
2016-03-20,Overhead Press,Shoulders,40.0,6,,,
2016-03-20,Overhead Press,Shoulders,50.0,5,,,
2016-03-20,Overhead Press,Shoulders,60.0,5,,,
2016-03-20,Overhead Press,Shoulders,70.0,2,,,
2016-03-20,Swinging Leg Raise,Shoulders,0.0,8,,,
2016-03-20,Swinging Leg Raise,Shoulders,0.0,10,,,
2016-03-20,Swinging Leg Raise,Shoulders,0.0,6,,,
2016-03-20,Overhead Dumbbell Press,Shoulders,25.0,6,,,
2016-03-20,Overhead Dumbbell Press,Shoulders,35.0,5,,,
2016-03-20,Overhead Dumbbell Press,Shoulders,45.0,5,,,
2016-03-20,Overhead Dumbbell Press,Shoulders,55.0,3,,,
2016-03-20,Overhead Dumbbell Press,Shoulders,55.0,3,,,
2016-03-20,Overhead Dumbbell Press,Shoulders,55.0,1,,,
2016-03-20,Decline Crunch,Abs,25.0,10,,,
2016-03-20,Decline Crunch,Abs,25.0,10,,,
2016-03-21,Deadlift,Back,0.0,7,,,
2016-03-21,Deadlift,Back,90.0,5,,,
2016-03-21,Deadlift,Back,140.0,5,,,
2016-03-21,Deadlift,Back,140.0,5,,,
2016-03-21,Deadlift,Back,180.0,4,,,
2016-03-21,Deadlift,Back,200.0,3,,,
2016-03-21,Deadlift,Back,230.0,1,,,
2016-03-21,Deadlift,Back,180.0,5,,,
2016-03-21,Pull Up,Back,0.0,9,,,
2016-03-21,Pull Up,Back,0.0,5,,,
2016-03-23,Flat Barbell Bench Press,Chest,0.0,8,,,
2016-03-23,Flat Barbell Bench Press,Chest,50.0,8,,,
2016-03-23,Flat Barbell Bench Press,Chest,90.0,6,,,
2016-03-23,Flat Barbell Bench Press,Chest,110.0,5,,,
2016-03-23,Barbell Curl,Biceps,35.0,8,,,
2016-03-23,Flat Barbell Bench Press,Chest,130.0,3,,,
2016-03-23,Barbell Curl,Biceps,45.0,7,,,
2016-03-23,Flat Barbell Bench Press,Chest,140.0,1,,,
2016-03-23,Barbell Curl,Biceps,50.0,6,,,
2016-03-23,Flat Barbell Bench Press,Chest,140.0,1,,,
2016-03-23,Barbell Curl,Biceps,60.0,5,,,
2016-03-23,Flat Barbell Bench Press,Chest,110.0,6,,,
2016-03-23,Barbell Curl,Biceps,70.0,5,,,
2016-03-23,Flat Barbell Bench Press,Chest,110.0,5,,,
2016-03-23,Barbell Curl,Biceps,80.0,4,,,
2016-03-23,Seated Machine Fly,Chest,120.0,8,,,
2016-03-23,Seated Machine Fly,Chest,160.0,8,,,
2016-03-23,Seated Machine Fly,Chest,180.0,8,,,
2016-03-23,Seated Machine Fly,Chest,200.0,4,,,
2016-03-23,Dumbbell Hammer Curl,Biceps,70.0,5,,,
2016-03-23,Dumbbell Hammer Curl,Biceps,80.0,3,,,
2016-03-25,Barbell Squat,Legs,0.0,5,,,
2016-03-25,Barbell Squat,Legs,50.0,5,,,
2016-03-25,Barbell Squat,Legs,90.0,5,,,
2016-03-25,Barbell Squat,Legs,140.0,5,,,
2016-03-25,Barbell Squat,Legs,180.0,4,,,
2016-03-25,Barbell Squat,Legs,200.0,1,,,
2016-03-25,Barbell Squat,Legs,200.0,1,,,
2016-03-25,Trap Bar Deadlift,Legs,50.0,5,,,
2016-03-25,Trap Bar Deadlift,Legs,140.0,5,,,
2016-03-25,Trap Bar Deadlift,Legs,190.0,4,,,
2016-03-25,Trap Bar Deadlift,Legs,230.0,2,,,
2016-03-25,Trap Bar Deadlift,Legs,230.0,1,,,
2016-03-25,Rope Push Down,Triceps,60.0,8,,,
2016-03-25,Rope Push Down,Triceps,90.0,9,,,
2016-03-25,Rope Push Down,Triceps,120.0,8,,,
2016-03-25,Rope Push Down,Triceps,140.0,8,,,
2016-03-25,Rope Push Down,Triceps,150.0,5,,,
2016-03-25,Rope Push Down,Triceps,150.0,6,,,
2016-03-27,Overhead Press,Shoulders,0.0,10,,,
2016-03-27,Overhead Press,Shoulders,20.0,7,,,
2016-03-27,Overhead Press,Shoulders,40.0,6,,,
2016-03-27,Overhead Press,Shoulders,50.0,5,,,
2016-03-27,Overhead Press,Shoulders,60.0,4,,,
2016-03-27,Overhead Press,Shoulders,70.0,2,,,
2016-03-27,Overhead Press,Shoulders,50.0,3,,,
2016-03-27,Overhead Dumbbell Press,Shoulders,35.0,8,,,
2016-03-27,Overhead Dumbbell Press,Shoulders,40.0,7,,,
2016-03-27,Overhead Dumbbell Press,Shoulders,45.0,6,,,
2016-03-27,Overhead Dumbbell Press,Shoulders,50.0,5,,,
2016-03-27,Overhead Dumbbell Press,Shoulders,60.0,2,,,
2016-03-27,Overhead Dumbbell Press,Shoulders,60.0,3,,,
2016-03-27,Decline Crunch,Abs,25.0,15,,,
2016-03-27,Decline Crunch,Abs,25.0,10,,,
2016-03-27,Decline Crunch,Abs,25.0,10,,,
2016-03-27,Swinging Leg Raise,Shoulders,0.0,10,,,
2016-03-27,Swinging Leg Raise,Shoulders,0.0,6,,,
2016-03-27,Swinging Leg Raise,Shoulders,0.0,6,,,
2016-03-27,Side Dip,Abs,40.0,8,,,
2016-03-27,Side Dip,Abs,50.0,8,,,
2016-03-27,Side Dip,Abs,60.0,8,,,
2016-03-28,Pull Up,Back,0.0,10,,,
2016-03-28,Pull Up,Back,0.0,10,,,
2016-03-28,Pull Up,Back,0.0,7,,,
2016-03-28,Barbell Row,Back,0.0,10,,,
2016-03-28,Barbell Row,Back,50.0,10,,,
2016-03-28,Barbell Row,Back,70.0,10,,,
2016-03-28,Barbell Row,Back,90.0,8,,,
2016-03-28,Barbell Row,Back,110.0,6,,,
2016-03-28,Barbell Row,Back,130.0,3,,,
2016-03-28,Deadlift,Back,50.0,5,,,
2016-03-28,Deadlift,Back,90.0,5,,,
2016-03-28,Deadlift,Back,140.0,5,,,
2016-03-28,Deadlift,Back,190.0,5,,,
2016-03-28,Deadlift,Back,230.0,3,,,
2016-03-28,Deadlift,Back,230.0,1,,,
2016-03-30,Flat Barbell Bench Press,Chest,0.0,5,,,
2016-03-30,Flat Barbell Bench Press,Chest,50.0,10,,,
2016-03-30,Flat Barbell Bench Press,Chest,70.0,7,,,
2016-03-30,Flat Barbell Bench Press,Chest,90.0,6,,,
2016-03-30,Flat Barbell Bench Press,Chest,110.0,4,,,
2016-03-30,Flat Barbell Bench Press,Chest,130.0,2,,,
2016-03-30,Flat Barbell Bench Press,Chest,140.0,1,,,
2016-03-30,Barbell Curl,Biceps,35.0,5,,,
2016-03-30,Seated Machine Fly,Chest,140.0,8,,,
2016-03-30,Barbell Curl,Biceps,45.0,6,,,
2016-03-30,Seated Machine Fly,Chest,160.0,8,,,
2016-03-30,Barbell Curl,Biceps,55.0,6,,,
2016-03-30,Seated Machine Fly,Chest,180.0,8,,,
2016-03-30,Barbell Curl,Biceps,65.0,5,,,
2016-03-30,Seated Machine Fly,Chest,200.0,7,,,
2016-03-30,Barbell Curl,Biceps,75.0,4,,,
2016-03-30,Seated Machine Fly,Chest,200.0,5,,,
2016-03-30,Barbell Curl,Biceps,80.0,1,,,
2016-03-30,Dumbbell Hammer Curl,Biceps,70.0,5,,,
2016-03-30,Dumbbell Hammer Curl,Biceps,70.0,5,,,
2016-03-30,Dumbbell Hammer Curl,Biceps,70.0,4,,,
2016-03-30,Dumbbell Hammer Curl,Biceps,60.0,5,,,
2016-04-01,Rope Push Down,Triceps,35.0,20,,,
2016-04-01,Rope Push Down,Triceps,50.0,8,,,
2016-04-01,Rope Push Down,Triceps,70.0,9,,,
2016-04-01,Rope Push Down,Triceps,100.0,8,,,
2016-04-01,Rope Push Down,Triceps,120.0,8,,,
2016-04-01,Rope Push Down,Triceps,140.0,8,,,
2016-04-01,Rope Push Down,Triceps,150.0,7,,,
2016-04-01,EZ-Bar Skullcrusher,Triceps,40.0,8,,,
2016-04-01,EZ-Bar Skullcrusher,Triceps,55.0,8,,,
2016-04-01,EZ-Bar Skullcrusher,Triceps,65.0,8,,,
2016-04-01,Barbell Squat,Legs,0.0,5,,,
2016-04-01,Barbell Squat,Legs,50.0,8,,,
2016-04-01,Barbell Squat,Legs,50.0,5,,,
2016-04-01,Barbell Squat,Legs,90.0,5,,,
2016-04-01,Barbell Squat,Legs,140.0,5,,,
2016-04-01,Barbell Squat,Legs,180.0,3,,,
2016-04-01,Barbell Squat,Legs,200.0,1,,,
2016-04-01,Trap Bar Deadlift,Legs,90.0,5,,,
2016-04-03,Overhead Dumbbell Press,Shoulders,25.0,8,,,
2016-04-03,Overhead Dumbbell Press,Shoulders,35.0,8,,,
2016-04-03,Swinging Leg Raise,Shoulders,0.0,10,,,
2016-04-03,Overhead Dumbbell Press,Shoulders,45.0,8,,,
2016-04-03,Swinging Leg Raise,Shoulders,0.0,10,,,
2016-04-03,Overhead Dumbbell Press,Shoulders,55.0,7,,,
2016-04-03,Swinging Leg Raise,Shoulders,0.0,10,,,
2016-04-03,Overhead Dumbbell Press,Shoulders,60.0,3,,,
2016-04-03,Overhead Press,Shoulders,0.0,5,,,
2016-04-03,Side Dip,Abs,30.0,8,,,
2016-04-03,Overhead Press,Shoulders,50.0,5,,,
2016-04-03,Side Dip,Abs,40.0,8,,,
2016-04-03,Overhead Press,Shoulders,60.0,4,,,
2016-04-03,Side Dip,Abs,50.0,8,,,
2016-04-03,Decline Crunch,Abs,25.0,15,,,
2016-04-03,Decline Crunch,Abs,25.0,10,,,
2016-04-04,Deadlift,Back,50.0,5,,,
2016-04-04,Deadlift,Back,100.0,5,,,
2016-04-04,Deadlift,Back,140.0,5,,,
2016-04-04,Deadlift,Back,190.0,4,,,
2016-04-04,Deadlift,Back,230.0,3,,,
2016-04-04,Deadlift,Back,240.0,1,,,
2016-04-04,Deadlift,Back,140.0,5,,,
2016-04-04,Barbell Row,Back,0.0,10,,,
2016-04-04,Barbell Row,Back,50.0,8,,,
2016-04-04,Barbell Row,Back,70.0,9,,,
2016-04-04,Barbell Row,Back,90.0,8,,,
2016-04-04,Barbell Row,Back,110.0,4,,,
2016-04-04,Barbell Row,Back,130.0,2,,,
2016-04-04,Pull Up,Back,0.0,8,,,
2016-04-04,Pull Up,Back,0.0,8,,,
2016-04-04,Pull Up,Back,0.0,5,,,
2016-04-07,Flat Barbell Bench Press,Chest,0.0,5,,,
2016-04-07,Barbell Curl,Biceps,35.0,8,,,
2016-04-07,Flat Barbell Bench Press,Chest,50.0,8,,,
2016-04-07,Barbell Curl,Biceps,45.0,7,,,
2016-04-07,Flat Barbell Bench Press,Chest,90.0,5,,,
2016-04-07,Barbell Curl,Biceps,55.0,6,,,
2016-04-07,Flat Barbell Bench Press,Chest,110.0,5,,,
2016-04-07,Barbell Curl,Biceps,65.0,5,,,
2016-04-07,Flat Barbell Bench Press,Chest,130.0,2,,,
2016-04-07,Barbell Curl,Biceps,75.0,5,,,
2016-04-07,Flat Barbell Bench Press,Chest,130.0,1,,,
2016-04-07,Flat Barbell Bench Press,Chest,90.0,2,,,
2016-04-07,Barbell Curl,Biceps,80.0,5,,,
2016-04-07,Seated Machine Fly,Chest,120.0,8,,,
2016-04-07,Dumbbell Hammer Curl,Biceps,70.0,5,,,
2016-04-07,Seated Machine Fly,Chest,180.0,8,,,
2016-04-07,Dumbbell Hammer Curl,Biceps,80.0,4,,,
2016-04-07,Seated Machine Fly,Chest,200.0,8,,,
2016-04-07,Dumbbell Hammer Curl,Biceps,80.0,2,,,
2016-04-07,Seated Machine Fly,Chest,220.0,4,,,
2016-04-07,Dumbbell Hammer Curl,Biceps,70.0,5,,,
2016-04-08,Barbell Squat,Legs,0.0,5,,,
2016-04-08,Barbell Squat,Legs,50.0,5,,,
2016-04-08,Barbell Squat,Legs,90.0,5,,,
2016-04-08,Barbell Squat,Legs,140.0,5,,,
2016-04-08,Barbell Squat,Legs,180.0,3,,,
2016-04-08,Barbell Squat,Legs,200.0,3,,,
2016-04-08,Barbell Squat,Legs,200.0,1,,,
2016-04-08,Close Grip Barbell Bench Press,Triceps,40.0,8,,,
2016-04-08,Trap Bar Deadlift,Legs,90.0,5,,,
2016-04-08,Trap Bar Deadlift,Legs,140.0,5,,,
2016-04-08,Close Grip Barbell Bench Press,Triceps,70.0,5,,,
2016-04-08,Close Grip Barbell Bench Press,Triceps,90.0,5,,,
2016-04-08,Trap Bar Deadlift,Legs,180.0,5,,,
2016-04-08,Close Grip Barbell Bench Press,Triceps,110.0,2,,,
2016-04-08,Rope Push Down,Triceps,70.0,5,,,
2016-04-08,Rope Push Down,Triceps,90.0,8,,,
2016-04-08,Rope Push Down,Triceps,110.0,8,,,
2016-04-11,Deadlift,Back,0.0,5,,,
2016-04-11,Deadlift,Back,90.0,5,,,
2016-04-11,Deadlift,Back,140.0,5,,,
2016-04-11,Deadlift,Back,180.0,5,,,
2016-04-11,Deadlift,Back,230.0,1,,,
2016-04-11,Deadlift,Back,230.0,1,,,
2016-04-11,Deadlift,Back,230.0,1,,,
2016-04-11,Deadlift,Back,180.0,2,,,
2016-04-11,Barbell Row,Back,0.0,10,,,
2016-04-11,Pull Up,Back,0.0,10,,,
2016-04-11,Barbell Row,Back,50.0,8,,,
2016-04-11,Pull Up,Back,0.0,6,,,
2016-04-11,Barbell Row,Back,70.0,8,,,
2016-04-11,Pull Up,Back,0.0,5,,,
2016-04-11,Barbell Row,Back,90.0,8,,,
2016-04-11,Barbell Row,Back,120.0,5,,,
2016-04-14,Flat Barbell Bench Press,Chest,20.0,8,,,
2016-04-14,Barbell Curl,Biceps,35.0,8,,,
2016-04-14,Barbell Curl,Biceps,45.0,8,,,
2016-04-14,Flat Barbell Bench Press,Chest,50.0,8,,,
2016-04-14,Flat Barbell Bench Press,Chest,90.0,5,,,
2016-04-14,Barbell Curl,Biceps,55.0,7,,,
2016-04-14,Flat Barbell Bench Press,Chest,110.0,4,,,
2016-04-14,Barbell Curl,Biceps,65.0,6,,,
2016-04-14,Flat Barbell Bench Press,Chest,130.0,1,,,
2016-04-14,Flat Barbell Bench Press,Chest,130.0,2,,,
2016-04-14,Flat Barbell Bench Press,Chest,130.0,1,,,
2016-04-14,Barbell Curl,Biceps,75.0,5,,,
2016-04-14,Barbell Curl,Biceps,80.0,5,,,
2016-04-14,Flat Barbell Bench Press,Chest,90.0,5,,,
2016-04-14,Barbell Curl,Biceps,85.0,1,,,
2016-04-14,Seated Machine Fly,Chest,110.0,8,,,
2016-04-14,Seated Machine Fly,Chest,140.0,8,,,
2016-04-14,Dumbbell Hammer Curl,Biceps,80.0,2,,,
2016-04-14,Seated Machine Fly,Chest,180.0,8,,,
2016-04-14,Dumbbell Hammer Curl,Biceps,70.0,3,,,
2016-04-14,Seated Machine Fly,Chest,200.0,5,,,
2016-04-14,Dumbbell Hammer Curl,Biceps,60.0,4,,,